26,,,,,,,,,,,,,,,,,,
5,28,7,21,24,19,1,2,,,,,,,,,,,
23,27,20,21,11,,,,,,,,,,,,,,
27,23,20,21,24,19,2,1,,,,,,,,,,,
20,19,21,7,28,5,25,,,,,,,,,,,,
25,5,28,8,17,23,27,22,29,,,,,,,,,,
25,5,28,7,11,24,20,23,27,22,29,9,16,,,,,,
15,23,27,22,3,,,,,,,,,,,,,,
19,24,20,21,17,8,18,7,28,5,25,,,,,,,,
6,5,28,18,7,21,24,,,,,,,,,,,,
24,21,20,23,27,22,29,,,,,,,,,,,,
24,21,20,19,1,2,,,,,,,,,,,,,
10,22,27,23,20,21,24,19,11,,,,,,,,,,
3,22,27,23,20,21,24,19,2,1,4,,,,,,,,
8,17,,,,,,,,,,,,,,,,,
3,10,29,22,27,23,20,19,24,21,7,18,28,5,,,,,
10,29,22,27,23,20,24,19,2,1,,,,,,,,,
11,,,,,,,,,,,,,,,,,,
16,,,,,,,,,,,,,,,,,,
20,21,24,19,2,,,,,,,,,,,,,,
18,7,28,5,6,,,,,,,,,,,,,,
26,,,,,,,,,,,,,,,,,,
5,28,7,11,19,2,,,,,,,,,,,,,
29,10,,,,,,,,,,,,,,,,,
2,4,,,,,,,,,,,,,,,,,
16,9,29,22,27,23,20,24,28,5,6,,,,,,,,
21,24,20,23,27,22,29,9,16,12,,,,,,,,,
12,16,9,29,22,27,23,17,8,28,,,,,,,,,
26,,,,,,,,,,,,,,,,,,
3,15,10,29,22,27,23,,,,,,,,,,,,
21,24,19,11,,,,,,,,,,,,,,,
8,17,23,27,22,3,15,10,29,9,16,12,,,,,,,
29,,,,,,,,,,,,,,,,,,
11,19,21,20,23,27,22,3,15,29,9,16,,,,,,,
24,20,21,,,,,,,,,,,,,,,,
12,16,9,29,22,27,23,,,,,,,,,,,,
3,,,,,,,,,,,,,,,,,,
11,24,21,20,23,27,22,10,29,9,16,12,,,,,,,
20,21,24,19,2,1,,,,,,,,,,,,,
7,18,28,5,11,,,,,,,,,,,,,,
28,5,7,18,,,,,,,,,,,,,,,
6,5,28,7,18,8,17,23,27,22,3,29,10,,,,,,
29,22,10,15,23,27,,,,,,,,,,,,,
12,29,22,27,23,20,24,19,11,,,,,,,,,,
22,3,23,15,10,29,9,16,12,,,,,,,,,,
23,27,19,11,5,28,7,8,17,20,24,21,,,,,,,
27,23,22,3,10,15,17,8,18,,,,,,,,,,
1,2,19,24,21,20,27,23,17,8,,,,,,,,,
11,19,2,4,,,,,,,,,,,,,,,
9,16,12,15,3,22,27,23,20,21,11,7,18,28,5,,,,
9,16,29,22,27,23,3,,,,,,,,,,,,
17,8,18,7,,,,,,,,,,,,,,,
12,16,9,29,10,22,27,23,17,8,18,,,,,,,,
8,17,7,28,,,,,,,,,,,,,,,
9,16,29,10,22,27,23,20,21,24,19,2,,,,,,,
5,28,7,11,21,20,24,,,,,,,,,,,,
27,23,17,8,18,,,,,,,,,,,,,,
3,23,27,22,29,10,,,,,,,,,,,,,
25,6,5,28,,,,,,,,,,,,,,,
6,5,28,7,21,24,20,23,27,22,29,15,,,,,,,
6,5,28,7,18,8,17,23,27,22,10,3,,,,,,,
22,27,19,2,1,,,,,,,,,,,,,,
27,23,15,10,22,3,,,,,,,,,,,,,
21,24,19,20,27,23,17,18,,,,,,,,,,,
19,20,24,21,17,8,,,,,,,,,,,,,
1,2,19,24,21,20,23,27,22,29,16,9,,,,,,,
21,24,19,20,23,27,22,10,29,,,,,,,,,,
10,22,27,23,20,19,4,,,,,,,,,,,,
8,17,23,3,22,27,,,,,,,,,,,,,
8,17,18,7,28,5,,,,,,,,,,,,,
29,10,22,23,27,,,,,,,,,,,,,,
7,28,5,18,8,17,23,27,22,10,29,,,,,,,,
12,29,10,22,27,23,20,21,24,19,7,28,5,,,,,,
28,5,7,11,19,24,21,,,,,,,,,,,,
29,10,15,23,27,22,,,,,,,,,,,,,
9,16,29,10,3,22,27,23,20,19,24,21,,,,,,,
18,7,11,,,,,,,,,,,,,,,,
3,29,22,27,23,15,,,,,,,,,,,,,
28,5,,,,,,,,,,,,,,,,,
11,19,2,,,,,,,,,,,,,,,,
21,24,19,2,1,,,,,,,,,,,,,,
18,8,17,7,11,24,21,20,23,27,22,10,,,,,,,
12,16,9,29,22,27,23,20,24,19,,,,,,,,,
22,27,23,20,24,21,,,,,,,,,,,,,
25,5,28,19,24,21,20,23,27,,,,,,,,,,
29,27,23,22,,,,,,,,,,,,,,,
25,5,28,,,,,,,,,,,,,,,,
15,22,27,23,17,8,18,,,,,,,,,,,,
20,24,21,17,8,7,28,5,6,,,,,,,,,,
8,21,24,,,,,,,,,,,,,,,,
5,28,7,8,17,20,24,21,,,,,,,,,,,
20,21,24,23,27,22,3,,,,,,,,,,,,
20,21,24,19,,,,,,,,,,,,,,,
16,9,29,22,27,23,20,21,19,4,,,,,,,,,
4,2,19,24,21,20,23,27,22,29,,,,,,,,,
5,,,,,,,,,,,,,,,,,,
9,16,29,22,27,23,20,,,,,,,,,,,,
18,7,28,5,6,,,,,,,,,,,,,,
27,23,20,21,,,,,,,,,,,,,,,
7,18,21,24,20,27,23,15,3,22,29,9,16,12,,,,,
21,24,20,23,27,22,29,10,15,,,,,,,,,,
27,23,,,,,,,,,,,,,,,,,
29,10,22,27,23,17,8,18,7,28,5,,,,,,,,
2,19,20,24,21,,,,,,,,,,,,,,
2,19,24,21,20,23,27,,,,,,,,,,,,
20,19,21,24,,,,,,,,,,,,,,,
1,2,,,,,,,,,,,,,,,,,
10,29,3,22,27,23,20,21,24,19,4,1,2,,,,,,
18,8,17,,,,,,,,,,,,,,,,
16,9,29,10,22,27,23,17,,,,,,,,,,,
25,6,5,28,,,,,,,,,,,,,,,
19,,,,,,,,,,,,,,,,,,
24,21,20,19,11,6,5,28,,,,,,,,,,,
11,7,18,,,,,,,,,,,,,,,,
12,16,9,29,15,3,22,27,23,20,,,,,,,,,
9,16,29,22,27,23,15,10,,,,,,,,,,,
22,3,23,17,8,7,28,5,6,25,,,,,,,,,
21,24,19,20,,,,,,,,,,,,,,,
2,1,4,,,,,,,,,,,,,,,,
20,21,24,19,1,2,4,,,,,,,,,,,,
18,7,11,19,1,2,4,,,,,,,,,,,,
28,5,7,18,8,17,15,10,29,,,,,,,,,,
12,29,27,24,19,4,,,,,,,,,,,,,
18,5,28,7,,,,,,,,,,,,,,,
5,28,7,8,17,11,19,20,21,24,,,,,,,,,
19,11,7,18,8,,,,,,,,,,,,,,
6,5,28,18,7,,,,,,,,,,,,,,
1,2,19,24,20,,,,,,,,,,,,,,
20,21,24,19,27,23,22,29,,,,,,,,,,,
24,20,19,2,4,,,,,,,,,,,,,,
12,29,10,3,22,27,23,,,,,,,,,,,,
18,28,5,7,19,24,21,20,23,27,22,10,,,,,,,
10,3,,,,,,,,,,,,,,,,,
24,,,,,,,,,,,,,,,,,,
15,,,,,,,,,,,,,,,,,,
16,9,29,3,22,27,23,20,21,11,7,18,28,5,6,,,,
28,5,7,11,19,24,21,20,23,27,22,3,,,,,,,
11,,,,,,,,,,,,,,,,,,
6,5,28,18,7,11,,,,,,,,,,,,,
1,2,19,24,20,23,27,22,29,16,9,,,,,,,,
3,22,27,23,20,24,21,7,18,5,28,,,,,,,,
18,28,5,6,,,,,,,,,,,,,,,
3,29,22,27,23,,,,,,,,,,,,,,
8,17,18,7,5,28,,,,,,,,,,,,,
25,6,5,28,7,11,19,24,21,20,,,,,,,,,
16,9,29,10,22,27,23,17,8,18,7,28,5,25,,,,,
22,23,27,,,,,,,,,,,,,,,,
7,18,8,17,21,24,20,27,23,,,,,,,,,,
16,9,29,22,27,23,20,21,24,,,,,,,,,,
25,6,5,28,,,,,,,,,,,,,,,
11,24,20,21,,,,,,,,,,,,,,,
12,16,9,29,22,27,23,17,7,,,,,,,,,,
6,28,5,,,,,,,,,,,,,,,,
23,27,,,,,,,,,,,,,,,,,
21,24,20,23,27,22,29,10,,,,,,,,,,,
10,29,22,27,23,20,19,21,24,7,28,5,6,25,,,,,
2,19,24,21,20,17,8,18,7,5,28,,,,,,,,
1,2,4,19,24,21,20,,,,,,,,,,,,
20,23,27,22,29,,,,,,,,,,,,,,
3,22,27,23,20,21,24,19,2,,,,,,,,,,
27,23,17,8,7,11,,,,,,,,,,,,,
17,23,27,22,29,9,16,,,,,,,,,,,,
20,21,24,23,27,22,3,29,9,16,,,,,,,,,
17,8,7,28,5,,,,,,,,,,,,,,
18,7,24,20,19,2,1,,,,,,,,,,,,
2,9,16,,,,,,,,,,,,,,,,
11,21,24,19,2,4,,,,,,,,,,,,,
9,16,,,,,,,,,,,,,,,,,
1,2,19,,,,,,,,,,,,,,,,
20,21,7,28,5,6,,,,,,,,,,,,,
3,15,22,27,23,,,,,,,,,,,,,,
29,3,22,27,23,20,21,24,19,2,4,,,,,,,,
11,7,5,28,,,,,,,,,,,,,,,
3,29,22,27,23,20,19,24,21,7,,,,,,,,,
27,29,22,23,20,21,24,,,,,,,,,,,,
1,2,19,24,20,23,,,,,,,,,,,,,
7,18,28,5,11,,,,,,,,,,,,,,
28,5,,,,,,,,,,,,,,,,,
9,16,29,10,15,3,22,27,23,20,21,24,19,11,,,,,
26,,,,,,,,,,,,,,,,,,
9,16,29,,,,,,,,,,,,,,,,
8,17,21,24,11,,,,,,,,,,,,,,
3,15,23,27,22,29,9,16,12,,,,,,,,,,
26,,,,,,,,,,,,,,,,,,
15,22,27,23,20,21,19,2,,,,,,,,,,,
10,29,,,,,,,,,,,,,,,,,
22,3,15,10,29,,,,,,,,,,,,,,
28,5,18,17,8,,,,,,,,,,,,,,
17,20,21,24,19,2,1,,,,,,,,,,,,
6,5,28,7,19,24,21,20,23,27,22,29,9,,,,,,
25,6,5,28,7,18,8,17,15,3,22,27,23,20,24,21,,,
24,21,19,20,,,,,,,,,,,,,,,
4,,,,,,,,,,,,,,,,,,
28,5,7,8,17,20,23,27,22,3,,,,,,,,,
12,29,22,27,23,15,,,,,,,,,,,,,
7,28,5,11,19,24,21,20,23,27,22,29,10,3,,,,,
6,5,28,7,19,24,21,,,,,,,,,,,,
8,18,7,28,5,11,19,24,21,20,,,,,,,,,
2,19,11,,,,,,,,,,,,,,,,
21,24,20,17,8,18,,,,,,,,,,,,,
27,23,22,29,15,,,,,,,,,,,,,,
16,9,29,10,,,,,,,,,,,,,,,
24,21,20,23,22,3,27,,,,,,,,,,,,
5,28,,,,,,,,,,,,,,,,,
12,29,22,27,23,20,21,24,19,11,7,28,5,,,,,,
21,24,19,20,23,27,22,3,10,29,9,16,,,,,,,
3,10,29,,,,,,,,,,,,,,,,
27,23,15,3,22,29,10,,,,,,,,,,,,
20,21,24,19,7,28,5,6,,,,,,,,,,,
5,28,7,17,8,,,,,,,,,,,,,,
16,9,29,10,15,3,22,27,23,20,21,24,19,11,7,18,28,5,6
7,28,5,11,19,24,21,20,23,22,27,,,,,,,,
18,7,8,17,23,27,22,9,16,,,,,,,,,,
25,6,5,28,7,21,24,20,23,27,22,3,10,29,9,16,,,
9,16,29,10,15,,,,,,,,,,,,,,
9,16,29,22,27,23,20,24,21,17,,,,,,,,,
5,28,7,11,19,20,24,21,,,,,,,,,,,
20,,,,,,,,,,,,,,,,,,
3,,,,,,,,,,,,,,,,,,
28,6,5,18,7,11,19,2,1,4,,,,,,,,,
4,2,19,24,20,23,27,,,,,,,,,,,,
20,21,24,19,,,,,,,,,,,,,,,
29,22,15,23,27,,,,,,,,,,,,,,
3,15,10,22,27,23,20,21,24,11,7,18,8,17,,,,,
4,2,19,24,21,20,27,23,,,,,,,,,,,
9,16,29,,,,,,,,,,,,,,,,
22,3,27,23,20,,,,,,,,,,,,,,
12,16,9,29,22,27,23,20,21,24,19,,,,,,,,
18,28,5,21,24,20,23,27,22,29,9,16,12,,,,,,
27,22,23,20,21,19,2,4,,,,,,,,,,,
23,27,20,19,24,21,,,,,,,,,,,,,
25,5,28,18,7,19,21,24,20,23,27,,,,,,,,
6,5,28,18,7,11,,,,,,,,,,,,,
2,19,24,21,20,23,27,22,29,9,16,12,,,,,,,
21,24,20,23,27,22,3,10,29,,,,,,,,,,
4,,,,,,,,,,,,,,,,,,
17,8,21,24,20,23,27,22,10,29,12,,,,,,,,
18,7,,,,,,,,,,,,,,,,,
12,16,9,29,10,22,27,23,20,24,21,11,,,,,,,
2,19,24,21,20,23,27,22,3,10,29,,,,,,,,
24,,,,,,,,,,,,,,,,,,
8,17,23,27,20,24,19,2,1,,,,,,,,,,
27,23,22,10,29,9,16,,,,,,,,,,,,
15,10,29,3,22,27,23,20,21,24,19,4,,,,,,,
9,16,29,,,,,,,,,,,,,,,,
21,24,,,,,,,,,,,,,,,,,
25,,,,,,,,,,,,,,,,,,
24,21,20,23,27,22,3,10,29,16,9,,,,,,,,
20,,,,,,,,,,,,,,,,,,
4,1,2,9,16,12,,,,,,,,,,,,,
20,23,27,22,3,15,10,29,,,,,,,,,,,
22,29,27,23,20,19,24,21,7,28,5,25,,,,,,,
27,,,,,,,,,,,,,,,,,,
3,22,,,,,,,,,,,,,,,,,
5,28,18,7,11,21,24,,,,,,,,,,,,
3,29,22,27,23,20,24,21,,,,,,,,,,,
3,15,23,27,22,29,16,9,,,,,,,,,,,
16,9,29,10,3,22,23,27,,,,,,,,,,,
7,18,8,17,23,27,22,29,12,,,,,,,,,,
6,7,11,19,2,4,,,,,,,,,,,,,
26,,,,,,,,,,,,,,,,,,
22,27,23,29,9,16,,,,,,,,,,,,,
6,5,28,,,,,,,,,,,,,,,,
16,9,12,,,,,,,,,,,,,,,,
2,19,20,24,21,,,,,,,,,,,,,,
29,10,15,,,,,,,,,,,,,,,,
29,12,,,,,,,,,,,,,,,,,
2,1,,,,,,,,,,,,,,,,,
22,27,23,20,21,24,19,7,18,,,,,,,,,,
28,19,2,4,,,,,,,,,,,,,,,
12,16,9,29,22,15,23,27,,,,,,,,,,,
7,18,6,5,28,,,,,,,,,,,,,,
10,22,27,,,,,,,,,,,,,,,,
8,17,15,22,27,23,20,24,21,,,,,,,,,,
10,22,27,23,20,21,24,19,11,7,18,8,17,,,,,,
9,16,29,3,15,23,27,22,,,,,,,,,,,
26,,,,,,,,,,,,,,,,,,
17,20,21,24,19,2,1,4,,,,,,,,,,,
27,23,20,21,24,19,4,2,1,,,,,,,,,,
12,16,9,29,22,27,23,20,21,24,19,11,7,28,5,,,,
29,22,23,27,19,2,1,,,,,,,,,,,,
8,18,7,,,,,,,,,,,,,,,,
18,5,28,7,21,24,19,20,,,,,,,,,,,
11,6,5,28,,,,,,,,,,,,,,,
19,20,24,21,,,,,,,,,,,,,,,
27,23,20,24,21,7,18,,,,,,,,,,,,
16,9,29,22,27,23,20,21,24,11,7,18,28,5,6,,,,
8,17,23,27,22,3,29,,,,,,,,,,,,
29,10,3,22,27,23,20,19,21,24,,,,,,,,,
21,,,,,,,,,,,,,,,,,,
21,20,19,11,7,8,17,,,,,,,,,,,,
18,7,11,19,24,21,20,23,27,29,22,,,,,,,,
11,19,24,21,,,,,,,,,,,,,,,
6,5,28,7,11,19,24,21,20,23,27,22,29,,,,,,
29,,,,,,,,,,,,,,,,,,
26,,,,,,,,,,,,,,,,,,
27,23,20,21,24,19,2,4,,,,,,,,,,,
12,16,9,29,3,22,27,20,24,21,17,8,,,,,,,
29,10,,,,,,,,,,,,,,,,,
1,2,4,19,24,21,20,23,27,22,3,29,16,9,,,,,
3,22,10,15,23,20,24,21,19,2,1,,,,,,,,
7,18,28,5,6,,,,,,,,,,,,,,
7,,,,,,,,,,,,,,,,,,
28,5,19,1,2,,,,,,,,,,,,,,
7,18,8,11,19,20,21,24,,,,,,,,,,,
27,23,3,22,29,9,16,,,,,,,,,,,,
12,16,9,29,22,27,23,20,21,24,19,5,28,,,,,,
29,9,16,12,,,,,,,,,,,,,,,
25,5,28,7,11,19,,,,,,,,,,,,,
29,3,22,27,23,20,21,24,19,2,1,,,,,,,,
3,10,15,23,27,22,29,9,16,,,,,,,,,,
7,21,24,20,19,4,,,,,,,,,,,,,
26,,,,,,,,,,,,,,,,,,
27,,,,,,,,,,,,,,,,,,
12,,,,,,,,,,,,,,,,,,
4,2,19,24,21,20,27,22,23,,,,,,,,,,
28,5,18,,,,,,,,,,,,,,,,
25,6,5,28,7,18,8,21,20,,,,,,,,,,
3,10,29,22,27,23,20,19,24,21,,,,,,,,,
23,22,27,20,21,19,2,4,,,,,,,,,,,
16,9,29,3,22,23,27,,,,,,,,,,,,
22,3,27,23,20,21,24,11,7,28,5,6,25,,,,,,
2,19,24,21,20,23,27,29,22,,,,,,,,,,
16,9,2,4,,,,,,,,,,,,,,,
7,18,11,19,1,2,,,,,,,,,,,,,
10,22,27,23,20,24,21,7,,,,,,,,,,,
25,5,28,11,24,21,20,23,27,22,10,29,16,9,,,,,
11,7,,,,,,,,,,,,,,,,,
9,16,29,10,22,27,23,20,21,24,19,2,,,,,,,
29,22,27,23,,,,,,,,,,,,,,,
29,10,,,,,,,,,,,,,,,,,
27,23,22,3,29,9,16,,,,,,,,,,,,
6,5,28,18,7,21,24,20,23,27,,,,,,,,,
23,27,20,21,24,19,11,7,28,5,,,,,,,,,
6,,,,,,,,,,,,,,,,,,
17,15,22,27,23,20,24,21,,,,,,,,,,,
28,6,5,,,,,,,,,,,,,,,,
16,9,29,10,15,,,,,,,,,,,,,,
16,9,29,22,27,23,17,8,,,,,,,,,,,
27,23,20,21,24,19,,,,,,,,,,,,,
20,21,24,27,23,,,,,,,,,,,,,,
26,,,,,,,,,,,,,,,,,,
2,19,24,20,23,27,22,10,,,,,,,,,,,
26,,,,,,,,,,,,,,,,,,
4,1,2,19,24,21,20,27,23,17,8,7,18,,,,,,
8,17,20,21,19,2,,,,,,,,,,,,,
20,24,21,23,27,22,29,10,,,,,,,,,,,
15,10,29,3,22,27,23,20,19,24,21,,,,,,,,
19,,,,,,,,,,,,,,,,,,
17,23,27,22,29,9,16,,,,,,,,,,,,
1,2,9,16,,,,,,,,,,,,,,,
12,9,16,29,10,3,,,,,,,,,,,,,
9,16,29,22,27,23,20,24,17,8,,,,,,,,,
25,6,28,5,,,,,,,,,,,,,,,
15,10,3,22,27,23,21,24,20,,,,,,,,,,
24,21,20,19,11,,,,,,,,,,,,,,
7,5,28,18,8,17,,,,,,,,,,,,,
7,28,5,6,,,,,,,,,,,,,,,
5,28,7,18,8,17,23,27,29,10,22,,,,,,,,
24,21,20,19,,,,,,,,,,,,,,,
23,27,19,24,21,20,,,,,,,,,,,,,
24,21,20,27,23,,,,,,,,,,,,,,
25,6,5,28,,,,,,,,,,,,,,,
4,2,19,24,21,20,23,27,22,10,29,12,,,,,,,
18,17,21,24,20,23,22,3,,,,,,,,,,,
29,10,,,,,,,,,,,,,,,,,
3,29,22,27,23,17,8,18,28,5,6,,,,,,,,
16,9,29,3,22,27,23,17,8,,,,,,,,,,
16,9,29,10,3,22,27,23,20,19,24,21,,,,,,,
27,23,20,21,24,19,7,28,5,18,,,,,,,,,
4,2,19,20,24,21,7,18,,,,,,,,,,,
19,11,,,,,,,,,,,,,,,,,
17,8,7,11,19,,,,,,,,,,,,,,
6,,,,,,,,,,,,,,,,,,
27,23,20,21,24,19,11,28,5,,,,,,,,,,
1,2,19,24,21,20,27,23,15,22,,,,,,,,,
8,17,18,7,28,5,,,,,,,,,,,,,
22,27,23,20,,,,,,,,,,,,,,,
24,21,20,19,2,4,,,,,,,,,,,,,
26,,,,,,,,,,,,,,,,,,
2,19,11,7,5,28,,,,,,,,,,,,,
12,16,9,29,,,,,,,,,,,,,,,
5,28,18,7,11,19,2,4,,,,,,,,,,,
18,7,11,19,24,21,20,23,27,22,10,,,,,,,,
23,17,8,5,28,7,,,,,,,,,,,,,
26,,,,,,,,,,,,,,,,,,
4,2,19,24,21,20,,,,,,,,,,,,,
20,21,24,19,,,,,,,,,,,,,,,
6,5,28,11,19,24,21,20,,,,,,,,,,,
22,23,27,29,16,9,,,,,,,,,,,,,
10,29,12,,,,,,,,,,,,,,,,
16,9,29,3,15,23,27,22,,,,,,,,,,,
8,17,,,,,,,,,,,,,,,,,
9,16,29,10,22,27,23,20,21,24,,,,,,,,,
22,27,23,20,21,24,,,,,,,,,,,,,
12,29,10,,,,,,,,,,,,,,,,
21,24,20,19,11,7,18,,,,,,,,,,,,
12,16,9,29,22,27,23,20,24,7,18,,,,,,,,
11,19,,,,,,,,,,,,,,,,,
23,20,21,24,19,2,,,,,,,,,,,,,
2,19,24,21,20,23,27,10,22,,,,,,,,,,
22,29,27,23,20,21,24,19,11,7,18,28,5,6,,,,,
12,9,16,,,,,,,,,,,,,,,,
24,,,,,,,,,,,,,,,,,,
26,,,,,,,,,,,,,,,,,,
21,24,20,19,2,,,,,,,,,,,,,,
5,28,7,8,17,21,24,20,27,23,,,,,,,,,
17,8,18,7,11,19,,,,,,,,,,,,,
6,5,28,18,7,11,19,24,21,20,23,27,22,29,15,,,,
12,29,22,27,23,15,,,,,,,,,,,,,
21,,,,,,,,,,,,,,,,,,
15,10,29,22,27,23,,,,,,,,,,,,,
9,16,29,10,15,23,27,22,,,,,,,,,,,
17,8,18,28,5,,,,,,,,,,,,,,
2,19,11,7,28,5,6,25,,,,,,,,,,,
15,10,29,16,9,12,,,,,,,,,,,,,
20,21,24,11,7,18,8,17,,,,,,,,,,,
10,29,22,27,23,17,8,7,28,5,6,,,,,,,,
4,2,1,19,24,21,20,23,27,22,3,15,,,,,,,
16,9,29,15,10,22,27,23,20,24,21,,,,,,,,
4,2,19,11,28,7,18,,,,,,,,,,,,
12,9,16,1,2,4,,,,,,,,,,,,,
15,29,22,27,23,20,24,21,11,7,28,5,6,,,,,,
24,21,20,27,23,,,,,,,,,,,,,,
2,1,19,24,21,20,17,8,7,28,5,,,,,,,,
24,21,19,2,4,,,,,,,,,,,,,,
28,5,6,25,,,,,,,,,,,,,,,
18,28,5,21,24,19,,,,,,,,,,,,,
27,23,10,29,22,,,,,,,,,,,,,,
20,24,19,2,4,,,,,,,,,,,,,,
29,10,15,3,22,27,23,17,8,18,7,28,5,,,,,,
2,19,11,,,,,,,,,,,,,,,,
8,17,18,7,11,19,24,21,20,23,27,22,,,,,,,
6,5,28,7,19,24,21,20,23,27,22,29,15,,,,,,
11,19,24,21,20,23,27,22,29,10,15,3,,,,,,,
27,23,22,3,10,15,17,8,18,,,,,,,,,,
6,5,28,18,7,21,24,20,27,23,15,22,,,,,,,
27,23,10,29,22,,,,,,,,,,,,,,
10,29,22,23,27,,,,,,,,,,,,,,
24,21,20,27,23,17,8,7,28,5,6,25,,,,,,,
17,8,18,,,,,,,,,,,,,,,,
7,5,28,17,8,,,,,,,,,,,,,,
6,25,,,,,,,,,,,,,,,,,
12,16,9,29,10,22,27,23,20,21,24,19,11,,,,,,
16,9,29,3,22,27,23,20,21,7,18,8,17,,,,,,
10,22,27,23,20,21,17,8,7,28,5,6,,,,,,,
24,21,17,18,28,5,7,,,,,,,,,,,,
19,11,7,28,5,,,,,,,,,,,,,,
23,27,22,,,,,,,,,,,,,,,,
23,27,22,29,10,,,,,,,,,,,,,,
18,7,21,24,19,20,23,,,,,,,,,,,,
26,,,,,,,,,,,,,,,,,,
3,15,10,29,22,27,23,20,21,24,19,11,7,18,8,17,,,
9,16,29,10,22,27,23,20,21,24,11,7,18,8,17,,,,
28,,,,,,,,,,,,,,,,,,
5,6,,,,,,,,,,,,,,,,,
4,2,19,24,21,20,27,23,,,,,,,,,,,
20,24,21,11,,,,,,,,,,,,,,,
15,10,29,22,23,27,20,21,24,11,7,28,5,25,,,,,
24,21,20,23,27,22,3,10,29,9,16,,,,,,,,
1,2,9,16,,,,,,,,,,,,,,,
29,22,27,23,20,21,24,19,2,,,,,,,,,,
18,8,7,28,5,,,,,,,,,,,,,,
18,28,5,7,21,24,19,2,,,,,,,,,,,
15,23,27,22,29,10,,,,,,,,,,,,,
4,2,19,24,21,20,27,23,,,,,,,,,,,
11,7,28,5,6,,,,,,,,,,,,,,
17,23,27,22,10,,,,,,,,,,,,,,
4,2,19,,,,,,,,,,,,,,,,
15,10,22,27,23,17,,,,,,,,,,,,,
6,5,28,18,24,20,23,27,22,29,3,,,,,,,,
1,2,19,24,21,20,23,27,22,29,,,,,,,,,
4,2,19,24,21,20,23,27,22,10,15,,,,,,,,
8,17,23,27,22,3,10,,,,,,,,,,,,
1,2,19,24,21,20,17,8,18,,,,,,,,,,
3,10,29,22,27,23,20,21,24,19,,,,,,,,,
29,10,15,3,22,27,23,20,21,24,11,7,18,28,6,5,,,
10,29,3,22,27,23,20,21,24,19,4,,,,,,,,
17,20,21,24,19,2,1,,,,,,,,,,,,
28,5,18,7,,,,,,,,,,,,,,,
15,10,3,29,22,27,23,20,21,24,19,,,,,,,,
11,19,24,21,20,23,27,22,3,15,10,29,16,9,,,,,
23,27,20,24,21,17,8,7,28,5,6,25,,,,,,,
12,16,9,29,,,,,,,,,,,,,,,
7,21,24,19,2,,,,,,,,,,,,,,
10,29,9,16,,,,,,,,,,,,,,,
8,,,,,,,,,,,,,,,,,,
4,2,1,,,,,,,,,,,,,,,,
27,23,20,21,24,19,,,,,,,,,,,,,
20,23,22,16,9,,,,,,,,,,,,,,
16,9,29,10,15,23,27,3,22,,,,,,,,,,
22,,,,,,,,,,,,,,,,,,
5,24,19,4,,,,,,,,,,,,,,,
7,,,,,,,,,,,,,,,,,,
28,5,7,18,8,17,21,24,20,,,,,,,,,,
16,9,29,10,3,22,27,23,20,21,24,19,4,1,2,,,,
9,16,29,15,3,22,27,23,,,,,,,,,,,
20,23,27,22,3,10,29,9,16,,,,,,,,,,
6,5,28,18,8,17,23,27,20,21,24,19,,,,,,,
9,16,29,27,23,3,,,,,,,,,,,,,
9,16,2,1,,,,,,,,,,,,,,,
12,16,9,29,22,27,23,20,21,24,19,2,,,,,,,
23,20,21,24,19,,,,,,,,,,,,,,
20,21,24,19,1,2,4,,,,,,,,,,,,
21,20,17,7,28,5,25,,,,,,,,,,,,
3,23,27,22,29,16,9,,,,,,,,,,,,
6,5,28,21,19,4,,,,,,,,,,,,,
19,11,7,28,5,6,25,,,,,,,,,,,,
5,28,7,8,17,20,23,27,22,29,,,,,,,,,
9,16,29,10,22,27,23,20,24,21,28,5,7,,,,,,
20,23,27,3,15,10,29,22,,,,,,,,,,,
1,2,,,,,,,,,,,,,,,,,
5,28,18,8,17,23,27,22,29,16,9,,,,,,,,
28,5,18,7,21,24,20,,,,,,,,,,,,
16,29,10,22,27,23,20,24,21,19,,,,,,,,,
27,23,17,8,,,,,,,,,,,,,,,
19,24,21,20,27,23,,,,,,,,,,,,,
9,29,22,27,23,20,,,,,,,,,,,,,
18,28,5,7,21,24,19,20,23,27,22,29,16,9,,,,,
28,5,7,18,,,,,,,,,,,,,,,
16,9,29,22,27,23,20,,,,,,,,,,,,
29,22,3,27,23,20,21,11,,,,,,,,,,,
4,2,19,24,21,20,,,,,,,,,,,,,
29,22,27,23,20,21,24,19,1,2,,,,,,,,,
19,21,24,,,,,,,,,,,,,,,,
11,19,20,21,24,,,,,,,,,,,,,,
16,9,29,22,27,23,20,21,24,19,11,7,28,5,25,,,,
5,11,19,4,,,,,,,,,,,,,,,
8,17,21,24,20,19,,,,,,,,,,,,,
15,23,27,22,,,,,,,,,,,,,,,
28,5,7,8,17,24,20,,,,,,,,,,,,
25,6,5,7,18,28,,,,,,,,,,,,,
29,22,27,23,15,10,,,,,,,,,,,,,
6,5,28,7,21,24,19,1,2,,,,,,,,,,
21,24,19,2,4,,,,,,,,,,,,,,
23,,,,,,,,,,,,,,,,,,
28,5,7,11,21,20,23,27,22,3,10,,,,,,,,
27,23,15,3,22,29,9,16,,,,,,,,,,,
11,19,24,21,20,23,27,22,3,15,10,29,9,16,12,,,,
20,23,27,29,3,22,,,,,,,,,,,,,
3,15,29,22,27,23,20,21,24,19,28,5,7,18,,,,,
22,27,23,20,21,24,11,,,,,,,,,,,,
29,,,,,,,,,,,,,,,,,,
15,3,10,22,27,23,,,,,,,,,,,,,
16,9,29,10,22,27,23,20,21,24,11,19,,,,,,,
22,,,,,,,,,,,,,,,,,,
16,9,29,22,27,23,20,24,21,8,17,,,,,,,,
6,,,,,,,,,,,,,,,,,,
4,19,,,,,,,,,,,,,,,,,
8,17,23,27,22,3,,,,,,,,,,,,,
9,16,29,22,27,23,20,,,,,,,,,,,,
5,28,18,7,11,19,,,,,,,,,,,,,
15,29,22,27,23,20,19,24,21,,,,,,,,,,
7,18,11,21,20,23,27,22,29,16,9,12,,,,,,,
5,28,7,8,17,23,27,,,,,,,,,,,,
10,29,22,27,23,20,21,19,2,4,,,,,,,,,
29,22,27,23,20,21,19,2,1,,,,,,,,,,
4,2,19,24,18,28,5,25,,,,,,,,,,,
28,5,11,,,,,,,,,,,,,,,,
12,,,,,,,,,,,,,,,,,,
11,19,2,,,,,,,,,,,,,,,,
8,17,,,,,,,,,,,,,,,,,
12,16,9,,,,,,,,,,,,,,,,
24,21,20,23,27,22,3,10,29,16,9,,,,,,,,
19,11,7,28,5,6,25,,,,,,,,,,,,
25,,,,,,,,,,,,,,,,,,
4,19,24,21,20,27,22,29,23,17,8,,,,,,,,
2,19,20,21,24,,,,,,,,,,,,,,
16,9,29,22,27,23,17,8,,,,,,,,,,,
10,29,22,27,20,21,24,19,2,1,,,,,,,,,
19,11,7,,,,,,,,,,,,,,,,
21,24,20,19,,,,,,,,,,,,,,,
19,24,21,20,23,27,22,29,10,15,,,,,,,,,
8,17,15,10,22,27,23,20,21,,,,,,,,,,
25,6,5,28,7,11,19,24,21,,,,,,,,,,
23,27,20,21,24,19,,,,,,,,,,,,,
22,27,23,17,8,,,,,,,,,,,,,,
11,24,21,20,23,27,22,3,10,29,9,16,,,,,,,
11,19,24,21,20,23,27,22,,,,,,,,,,,
8,18,28,5,7,,,,,,,,,,,,,,
27,29,22,23,20,24,21,11,,,,,,,,,,,
3,,,,,,,,,,,,,,,,,,
8,17,20,21,24,19,2,,,,,,,,,,,,
11,24,21,20,27,23,17,8,,,,,,,,,,,
10,15,3,22,27,23,20,21,24,,,,,,,,,,
19,11,7,28,5,6,,,,,,,,,,,,,
27,23,3,22,29,,,,,,,,,,,,,,
5,28,6,11,,,,,,,,,,,,,,,
20,21,24,19,2,1,,,,,,,,,,,,,
26,,,,,,,,,,,,,,,,,,
11,5,28,7,,,,,,,,,,,,,,,
26,,,,,,,,,,,,,,,,,,
4,2,19,21,20,27,23,22,29,9,16,12,,,,,,,
19,24,21,20,23,27,22,29,10,3,,,,,,,,,
24,21,19,20,23,27,22,10,29,16,9,,,,,,,,
12,16,9,29,22,27,23,20,24,21,7,18,,,,,,,
26,,,,,,,,,,,,,,,,,,
29,10,22,27,23,20,21,24,19,11,,,,,,,,,
3,29,22,27,23,20,24,21,8,,,,,,,,,,
23,27,22,29,10,3,,,,,,,,,,,,,
2,19,24,21,11,7,5,28,,,,,,,,,,,
12,9,16,29,10,,,,,,,,,,,,,,
8,17,23,27,19,20,21,24,,,,,,,,,,,
4,2,19,24,21,20,,,,,,,,,,,,,
7,18,,,,,,,,,,,,,,,,,
17,8,18,7,11,21,20,23,22,,,,,,,,,,
22,3,27,23,17,8,7,28,5,6,,,,,,,,,
17,8,7,28,5,25,,,,,,,,,,,,,
3,10,29,22,27,23,20,21,24,19,11,7,28,5,6,,,,
5,28,7,21,24,20,19,2,,,,,,,,,,,
3,22,23,27,,,,,,,,,,,,,,,
18,7,11,21,20,23,27,3,22,10,29,,,,,,,,
24,21,20,27,23,22,10,17,8,18,7,28,5,6,25,,,,
26,,,,,,,,,,,,,,,,,,
24,,,,,,,,,,,,,,,,,,
21,24,20,19,2,4,,,,,,,,,,,,,
6,5,28,7,11,19,,,,,,,,,,,,,
5,28,7,11,19,2,1,4,,,,,,,,,,,
6,5,28,21,24,20,23,27,22,3,29,16,9,,,,,,
3,29,22,27,23,20,24,21,7,28,5,6,,,,,,,
3,15,23,27,22,29,10,,,,,,,,,,,,
5,28,7,21,24,19,2,4,,,,,,,,,,,
20,23,27,22,10,29,16,9,,,,,,,,,,,
18,7,11,,,,,,,,,,,,,,,,
3,10,29,22,27,23,17,8,18,7,5,28,,,,,,,
12,29,10,3,,,,,,,,,,,,,,,
11,5,28,7,8,17,,,,,,,,,,,,,
15,23,27,22,3,29,,,,,,,,,,,,,
7,18,28,5,6,,,,,,,,,,,,,,
9,16,2,4,,,,,,,,,,,,,,,
26,,,,,,,,,,,,,,,,,,
29,22,27,23,20,21,24,19,5,28,7,,,,,,,,
8,17,7,28,,,,,,,,,,,,,,,
7,11,19,24,21,20,23,27,22,15,10,29,12,,,,,,
6,5,28,7,11,24,21,20,27,22,23,,,,,,,,
28,7,17,8,,,,,,,,,,,,,,,
22,27,23,29,10,3,,,,,,,,,,,,,
26,,,,,,,,,,,,,,,,,,
22,10,29,15,23,27,20,21,24,19,11,,,,,,,,
25,6,5,28,7,18,8,17,20,21,24,19,2,,,,,,
20,23,27,22,29,10,3,,,,,,,,,,,,
12,9,16,29,10,3,22,27,23,20,,,,,,,,,
17,21,24,20,,,,,,,,,,,,,,,
18,7,11,24,21,20,,,,,,,,,,,,,
21,24,19,,,,,,,,,,,,,,,,
15,10,29,16,9,,,,,,,,,,,,,,
2,19,24,21,20,23,27,22,10,29,,,,,,,,,
10,,,,,,,,,,,,,,,,,,
7,18,28,5,6,25,,,,,,,,,,,,,
11,19,24,21,20,27,23,15,10,29,22,,,,,,,,
9,16,29,3,22,27,23,20,21,24,19,6,28,5,,,,,
15,10,29,3,23,27,22,,,,,,,,,,,,
1,2,9,16,,,,,,,,,,,,,,,
24,21,20,19,11,7,18,28,5,6,,,,,,,,,
25,6,5,28,,,,,,,,,,,,,,,
18,8,17,23,27,22,10,,,,,,,,,,,,
23,27,20,24,21,,,,,,,,,,,,,,
29,10,,,,,,,,,,,,,,,,,
12,16,9,29,22,27,23,20,21,19,2,,,,,,,,
10,29,22,23,27,19,20,24,21,8,,,,,,,,,
29,22,27,23,20,21,24,7,28,18,,,,,,,,,
28,5,7,8,17,23,27,22,3,10,29,,,,,,,,
25,5,28,7,11,19,,,,,,,,,,,,,
18,28,5,6,25,,,,,,,,,,,,,,
24,20,21,7,,,,,,,,,,,,,,,
20,23,27,29,22,,,,,,,,,,,,,,
1,2,19,24,21,20,23,27,22,15,10,29,,,,,,,
1,2,19,24,21,17,8,18,,,,,,,,,,,
5,28,18,7,21,20,23,27,22,10,,,,,,,,,
8,17,28,18,,,,,,,,,,,,,,,
11,19,24,21,20,23,27,22,29,15,,,,,,,,,
2,9,16,,,,,,,,,,,,,,,,
27,23,22,29,10,15,,,,,,,,,,,,,
24,21,20,23,27,,,,,,,,,,,,,,
23,27,22,3,10,29,9,16,,,,,,,,,,,
2,19,11,5,28,18,,,,,,,,,,,,,
7,18,8,17,23,27,19,,,,,,,,,,,,
5,7,8,17,21,24,20,23,27,22,29,9,16,,,,,,
4,1,2,19,11,,,,,,,,,,,,,,
7,5,28,8,17,20,21,24,,,,,,,,,,,
27,22,23,20,21,24,19,2,4,,,,,,,,,,
15,3,29,22,27,23,20,21,24,19,2,1,,,,,,,
18,17,20,24,21,,,,,,,,,,,,,,
23,27,22,3,15,10,12,,,,,,,,,,,,
22,27,23,20,21,24,19,11,18,7,28,5,6,,,,,,
6,28,5,21,24,20,23,27,22,29,15,,,,,,,,
2,16,9,,,,,,,,,,,,,,,,
3,10,22,27,23,17,8,18,28,5,,,,,,,,,
21,24,19,6,,,,,,,,,,,,,,,
11,19,24,21,20,23,27,22,10,,,,,,,,,,
11,19,24,21,20,,,,,,,,,,,,,,
17,8,18,5,28,7,11,19,24,21,20,23,27,29,10,22,,,
24,21,20,23,27,22,3,15,,,,,,,,,,,
2,1,19,24,21,20,23,27,22,10,29,,,,,,,,
4,19,20,24,21,7,28,5,6,25,,,,,,,,,
28,5,7,11,24,21,20,23,22,3,,,,,,,,,
19,11,,,,,,,,,,,,,,,,,
28,5,18,7,11,,,,,,,,,,,,,,
1,2,,,,,,,,,,,,,,,,,
12,16,9,29,3,22,27,23,15,,,,,,,,,,
17,8,18,7,11,,,,,,,,,,,,,,
11,7,28,5,6,,,,,,,,,,,,,,
23,22,27,20,21,24,19,2,,,,,,,,,,,
6,5,28,7,11,19,20,21,24,,,,,,,,,,
10,29,9,16,,,,,,,,,,,,,,,
12,,,,,,,,,,,,,,,,,,
3,22,27,23,20,21,24,19,2,1,,,,,,,,,
26,,,,,,,,,,,,,,,,,,
21,24,20,19,11,7,5,28,,,,,,,,,,,
9,16,29,22,27,23,15,10,,,,,,,,,,,
26,,,,,,,,,,,,,,,,,,
7,11,24,21,20,23,27,22,3,29,,,,,,,,,
12,16,9,29,,,,,,,,,,,,,,,
19,24,21,20,23,27,22,3,10,29,9,16,12,,,,,,
11,19,2,1,,,,,,,,,,,,,,,
11,7,28,5,25,,,,,,,,,,,,,,
26,,,,,,,,,,,,,,,,,,
7,21,20,23,22,3,15,10,,,,,,,,,,,
18,5,28,7,21,24,19,20,23,,,,,,,,,,
5,28,7,18,8,17,20,24,21,,,,,,,,,,
2,1,19,,,,,,,,,,,,,,,,
8,17,21,24,20,,,,,,,,,,,,,,
25,5,28,18,7,,,,,,,,,,,,,,
19,11,7,5,28,,,,,,,,,,,,,,
20,21,23,27,22,3,15,10,29,9,16,,,,,,,,
9,16,29,22,27,23,20,24,19,2,,,,,,,,,
29,3,22,27,23,20,24,21,8,17,,,,,,,,,
16,9,29,22,27,23,20,21,24,19,7,18,,,,,,,
9,16,29,22,27,23,20,24,21,28,5,7,,,,,,,
21,24,19,20,23,22,29,27,,,,,,,,,,,
6,5,28,7,21,24,20,23,27,22,3,29,9,16,,,,,
24,21,17,8,,,,,,,,,,,,,,,
16,9,29,10,3,22,27,23,17,8,18,7,28,5,6,25,,,
4,2,9,16,,,,,,,,,,,,,,,
9,16,29,22,27,23,20,24,21,7,5,6,,,,,,,
29,10,3,22,27,23,20,21,24,11,,,,,,,,,
9,16,29,22,27,23,17,8,,,,,,,,,,,
4,2,1,19,,,,,,,,,,,,,,,
5,28,7,18,8,17,20,21,24,19,2,,,,,,,,
20,,,,,,,,,,,,,,,,,,
3,22,27,23,15,10,,,,,,,,,,,,,
22,27,20,21,11,5,28,18,7,,,,,,,,,,
7,18,17,,,,,,,,,,,,,,,,
3,10,29,22,27,23,20,19,24,21,,,,,,,,,
25,5,28,19,4,,,,,,,,,,,,,,
6,5,28,18,7,11,24,21,20,23,27,22,29,9,16,,,,
29,10,3,23,27,22,,,,,,,,,,,,,
26,,,,,,,,,,,,,,,,,,
20,19,24,21,,,,,,,,,,,,,,,
3,10,22,27,23,20,21,24,19,2,,,,,,,,,
4,2,19,24,21,20,23,22,27,,,,,,,,,,
29,10,22,27,23,,,,,,,,,,,,,,
29,22,27,23,17,8,28,5,7,,,,,,,,,,
28,5,,,,,,,,,,,,,,,,,
9,16,29,10,3,22,27,23,20,19,24,21,,,,,,,
7,5,28,18,8,17,,,,,,,,,,,,,
16,9,29,10,22,27,23,17,8,7,28,5,11,,,,,,
25,6,5,28,7,11,19,24,21,,,,,,,,,,
26,,,,,,,,,,,,,,,,,,
6,5,28,7,8,17,15,22,29,16,9,,,,,,,,
8,17,,,,,,,,,,,,,,,,,
12,16,9,29,22,27,23,,,,,,,,,,,,
7,28,5,11,24,21,20,23,27,22,29,,,,,,,,
19,24,21,20,23,27,22,3,10,15,17,8,18,7,28,5,6,,
8,17,7,18,,,,,,,,,,,,,,,
2,19,24,21,20,27,23,15,22,29,10,,,,,,,,
26,,,,,,,,,,,,,,,,,,
8,17,23,27,,,,,,,,,,,,,,,
27,23,20,19,11,24,21,,,,,,,,,,,,
5,28,7,11,19,24,21,20,23,27,22,3,10,,,,,,
15,17,8,,,,,,,,,,,,,,,,
5,28,18,7,21,24,20,23,27,22,15,10,,,,,,,
16,9,29,22,27,23,24,21,20,,,,,,,,,,
28,18,7,11,19,20,21,24,,,,,,,,,,,
6,,,,,,,,,,,,,,,,,,
8,7,5,28,,,,,,,,,,,,,,,
22,3,27,23,17,,,,,,,,,,,,,,
21,24,19,20,23,27,22,15,17,8,18,,,,,,,,
5,6,,,,,,,,,,,,,,,,,
3,10,29,27,23,17,8,7,18,,,,,,,,,,
21,24,20,23,27,22,3,29,9,16,12,,,,,,,,
8,17,21,24,19,,,,,,,,,,,,,,
2,19,21,20,23,27,22,29,10,15,,,,,,,,,
6,28,5,,,,,,,,,,,,,,,,
21,20,17,8,18,,,,,,,,,,,,,,
22,27,23,10,29,,,,,,,,,,,,,,
25,5,28,18,7,11,19,2,,,,,,,,,,,
6,5,28,7,21,24,20,19,2,1,,,,,,,,,
25,6,5,28,7,21,24,20,19,1,2,,,,,,,,
24,21,20,23,27,22,15,10,29,,,,,,,,,,
29,10,22,27,23,20,21,24,19,,,,,,,,,,
20,23,27,22,10,29,9,16,12,,,,,,,,,,
1,2,19,24,21,20,23,27,22,,,,,,,,,,
25,6,5,28,7,11,19,,,,,,,,,,,,
26,,,,,,,,,,,,,,,,,,
18,28,5,6,,,,,,,,,,,,,,,
1,2,19,11,,,,,,,,,,,,,,,
24,21,20,23,27,22,29,10,,,,,,,,,,,
9,16,12,,,,,,,,,,,,,,,,
26,,,,,,,,,,,,,,,,,,
26,,,,,,,,,,,,,,,,,,
18,8,17,20,21,24,19,,,,,,,,,,,,
16,9,29,22,27,23,20,24,21,7,28,5,25,,,,,,
17,8,18,7,11,19,21,24,20,23,27,,,,,,,,
4,19,24,21,20,23,27,22,3,,,,,,,,,,
18,7,28,5,,,,,,,,,,,,,,,
9,16,29,22,27,23,17,8,28,5,6,,,,,,,,
4,2,19,11,5,28,18,,,,,,,,,,,,
21,24,20,27,23,17,,,,,,,,,,,,,
2,19,24,21,7,28,5,,,,,,,,,,,,
20,23,27,22,29,10,15,,,,,,,,,,,,
15,29,22,27,,,,,,,,,,,,,,,
19,1,2,,,,,,,,,,,,,,,,
19,24,21,20,23,27,,,,,,,,,,,,,
29,9,16,12,,,,,,,,,,,,,,,
11,7,18,28,6,5,,,,,,,,,,,,,
28,5,18,7,,,,,,,,,,,,,,,
1,2,,,,,,,,,,,,,,,,,
23,27,22,10,15,17,8,7,28,5,6,,,,,,,,
12,16,9,1,2,4,,,,,,,,,,,,,
22,10,15,23,27,20,21,,,,,,,,,,,,
15,10,29,22,27,23,3,,,,,,,,,,,,
7,8,17,23,27,20,21,24,,,,,,,,,,,
6,5,28,7,18,8,17,23,27,22,3,10,,,,,,,
26,,,,,,,,,,,,,,,,,,
24,21,20,23,27,22,3,29,10,15,17,8,18,7,6,5,28,,
11,7,18,,,,,,,,,,,,,,,,
6,5,28,7,,,,,,,,,,,,,,,
12,29,22,27,23,3,,,,,,,,,,,,,
16,9,29,22,27,23,20,21,17,8,18,,,,,,,,
8,23,27,19,4,,,,,,,,,,,,,,
23,27,22,3,10,29,12,,,,,,,,,,,,
18,7,28,5,19,,,,,,,,,,,,,,
19,1,2,,,,,,,,,,,,,,,,
21,20,24,,,,,,,,,,,,,,,,
9,16,29,10,22,27,23,17,8,18,7,28,5,6,25,,,,
25,6,5,28,7,11,19,24,21,20,,,,,,,,,
25,5,28,7,8,17,15,,,,,,,,,,,,
6,5,28,7,19,20,21,24,,,,,,,,,,,
6,5,28,7,21,24,20,19,4,,,,,,,,,,
22,3,10,15,23,27,20,21,24,19,11,18,7,,,,,,
11,19,2,,,,,,,,,,,,,,,,
5,28,7,8,17,21,24,19,2,,,,,,,,,,
2,19,24,21,20,27,23,17,8,18,,,,,,,,,
5,28,7,18,8,17,23,27,22,29,10,,,,,,,,
18,7,28,5,6,,,,,,,,,,,,,,
9,16,29,10,22,3,27,23,20,21,24,11,,,,,,,
26,,,,,,,,,,,,,,,,,,
15,23,27,22,3,29,,,,,,,,,,,,,
15,10,29,3,22,27,23,20,21,24,19,2,,,,,,,
16,9,2,,,,,,,,,,,,,,,,
29,22,10,27,23,20,21,24,19,,,,,,,,,,
21,24,20,27,23,,,,,,,,,,,,,,
22,29,27,23,24,19,2,1,,,,,,,,,,,
2,1,19,,,,,,,,,,,,,,,,
6,5,28,7,21,24,19,4,2,1,,,,,,,,,
12,16,9,29,22,27,23,20,24,21,18,7,,,,,,,
25,5,28,19,2,,,,,,,,,,,,,,
2,19,24,21,20,23,27,22,10,29,12,,,,,,,,
6,5,28,7,8,17,21,20,,,,,,,,,,,
15,,,,,,,,,,,,,,,,,,
24,21,20,19,27,23,15,,,,,,,,,,,,
22,27,23,10,29,9,16,,,,,,,,,,,,
19,20,21,24,,,,,,,,,,,,,,,
3,22,27,23,20,24,21,7,18,8,17,,,,,,,,
11,21,24,20,23,27,22,3,10,29,16,9,,,,,,,
22,27,23,20,21,24,19,11,,,,,,,,,,,
5,28,7,21,24,20,19,2,,,,,,,,,,,
3,15,23,27,22,29,9,16,,,,,,,,,,,
17,23,27,19,20,24,21,,,,,,,,,,,,
4,2,19,24,21,,,,,,,,,,,,,,
26,,,,,,,,,,,,,,,,,,
23,27,22,29,10,,,,,,,,,,,,,,
26,,,,,,,,,,,,,,,,,,
3,10,29,,,,,,,,,,,,,,,,
8,17,20,21,24,19,2,1,4,,,,,,,,,,
19,11,7,28,5,6,,,,,,,,,,,,,
15,10,29,3,22,27,23,17,8,,,,,,,,,,
7,11,19,24,21,20,27,23,,,,,,,,,,,
25,5,28,7,18,8,17,,,,,,,,,,,,
22,29,10,23,27,,,,,,,,,,,,,,
24,21,20,19,,,,,,,,,,,,,,,
16,,,,,,,,,,,,,,,,,,
29,22,27,23,20,21,24,19,2,1,,,,,,,,,
25,5,28,18,7,11,19,24,23,27,22,29,10,3,,,,,
12,29,22,27,23,17,8,,,,,,,,,,,,
12,29,10,22,27,23,20,21,24,19,11,7,5,28,,,,,
25,5,28,7,11,21,24,20,23,27,22,29,3,,,,,,
21,24,20,23,27,22,,,,,,,,,,,,,
29,22,27,23,20,24,21,28,5,7,,,,,,,,,
12,16,9,29,22,27,23,,,,,,,,,,,,
25,5,28,11,19,24,21,20,23,22,29,27,,,,,,,
16,9,,,,,,,,,,,,,,,,,
26,,,,,,,,,,,,,,,,,,
8,17,21,24,19,1,2,4,,,,,,,,,,,
9,16,29,22,27,23,20,21,24,19,11,,,,,,,,
6,5,28,18,17,,,,,,,,,,,,,,
26,,,,,,,,,,,,,,,,,,
17,8,,,,,,,,,,,,,,,,,
15,10,3,22,23,27,,,,,,,,,,,,,
27,20,21,24,19,,,,,,,,,,,,,,
6,5,28,7,18,,,,,,,,,,,,,,
18,7,21,20,19,2,1,,,,,,,,,,,,
25,5,28,7,8,,,,,,,,,,,,,,
9,16,29,22,10,15,,,,,,,,,,,,,
7,21,24,20,15,22,27,23,,,,,,,,,,,
11,19,1,2,,,,,,,,,,,,,,,
22,27,23,17,8,18,7,5,28,,,,,,,,,,
25,6,,,,,,,,,,,,,,,,,
9,2,4,,,,,,,,,,,,,,,,
2,19,28,5,7,,,,,,,,,,,,,,
8,17,23,27,22,29,10,,,,,,,,,,,,
11,21,20,,,,,,,,,,,,,,,,
2,1,,,,,,,,,,,,,,,,,
15,10,29,22,3,23,27,,,,,,,,,,,,
19,,,,,,,,,,,,,,,,,,
20,21,,,,,,,,,,,,,,,,,
8,21,24,20,23,27,,,,,,,,,,,,,
6,5,28,7,17,,,,,,,,,,,,,,
22,27,23,15,10,29,16,9,,,,,,,,,,,
5,28,7,18,8,17,15,10,22,27,23,20,21,24,19,,,,
7,8,17,21,24,20,,,,,,,,,,,,,
2,1,19,11,7,18,28,5,6,,,,,,,,,,
17,8,7,21,20,23,27,10,3,22,,,,,,,,,
12,29,22,27,23,20,24,21,11,7,5,28,,,,,,,
8,17,20,21,24,19,,,,,,,,,,,,,
1,2,19,11,,,,,,,,,,,,,,,
21,24,20,23,27,22,3,10,29,16,9,,,,,,,,
22,27,23,20,21,24,11,,,,,,,,,,,,
18,,,,,,,,,,,,,,,,,,
28,5,18,7,11,21,24,20,23,,,,,,,,,,
9,16,29,10,23,27,22,,,,,,,,,,,,
19,21,20,17,,,,,,,,,,,,,,,
1,2,19,20,21,17,18,,,,,,,,,,,,
20,24,21,27,23,,,,,,,,,,,,,,
23,27,20,24,21,17,8,18,7,5,28,,,,,,,,
4,2,19,24,21,8,,,,,,,,,,,,,
9,16,29,3,22,27,23,20,21,24,19,1,2,,,,,,
1,2,19,20,24,,,,,,,,,,,,,,
26,,,,,,,,,,,,,,,,,,
29,10,22,27,23,20,21,24,19,2,1,,,,,,,,
10,29,22,27,20,24,21,,,,,,,,,,,,
24,21,20,23,27,22,29,10,15,17,8,18,7,5,28,,,,
7,28,5,6,25,,,,,,,,,,,,,,
19,24,21,20,,,,,,,,,,,,,,,
25,5,28,7,8,17,20,24,21,,,,,,,,,,
22,27,23,20,21,24,19,,,,,,,,,,,,
22,27,23,3,10,,,,,,,,,,,,,,
23,27,22,3,29,16,9,,,,,,,,,,,,
12,16,9,29,10,15,,,,,,,,,,,,,
22,27,23,20,21,11,7,18,17,8,,,,,,,,,
7,28,5,6,,,,,,,,,,,,,,,
29,10,22,27,23,17,8,18,7,28,5,,,,,,,,
27,23,20,21,24,19,2,1,,,,,,,,,,,
9,16,29,22,3,23,27,,,,,,,,,,,,
6,5,28,17,8,,,,,,,,,,,,,,
26,,,,,,,,,,,,,,,,,,
27,23,22,29,,,,,,,,,,,,,,,
20,21,24,23,27,22,3,15,29,,,,,,,,,,
11,19,2,1,,,,,,,,,,,,,,,
4,2,19,24,21,20,23,27,22,10,,,,,,,,,
20,21,24,19,11,7,18,,,,,,,,,,,,
5,28,18,7,11,19,24,21,20,23,27,,,,,,,,
25,6,5,28,7,8,17,23,27,22,3,29,16,9,,,,,
6,5,28,7,18,17,8,,,,,,,,,,,,
27,23,,,,,,,,,,,,,,,,,
6,5,28,7,21,24,19,20,23,27,,,,,,,,,
8,17,23,27,22,29,12,,,,,,,,,,,,
25,6,5,28,7,21,24,19,20,23,27,22,29,10,,,,,
24,21,20,17,8,28,5,,,,,,,,,,,,
27,23,20,21,24,19,2,,,,,,,,,,,,
8,17,23,22,29,12,16,9,,,,,,,,,,,
5,28,18,7,11,,,,,,,,,,,,,,
26,,,,,,,,,,,,,,,,,,
19,24,21,20,23,27,,,,,,,,,,,,,
11,7,,,,,,,,,,,,,,,,,
16,9,29,22,27,23,20,21,24,19,11,5,28,18,7,,,,
27,23,20,21,24,19,2,1,,,,,,,,,,,
16,9,29,3,22,27,23,20,21,17,7,18,,,,,,,
17,15,22,23,27,,,,,,,,,,,,,,
17,8,18,7,11,19,24,21,20,23,27,22,,,,,,,
24,21,19,20,23,27,22,3,10,15,,,,,,,,,
4,,,,,,,,,,,,,,,,,,
15,22,27,23,20,21,24,19,2,1,,,,,,,,,
5,28,18,7,21,24,19,20,27,23,15,29,22,,,,,,
29,10,,,,,,,,,,,,,,,,,
12,9,16,29,22,27,23,20,24,21,5,28,,,,,,,
12,9,16,29,10,15,23,27,22,3,,,,,,,,,
9,16,29,22,27,10,,,,,,,,,,,,,
8,17,23,27,22,29,,,,,,,,,,,,,
5,28,7,19,24,21,20,23,27,22,29,9,16,,,,,,
23,27,22,10,29,16,9,,,,,,,,,,,,
2,,,,,,,,,,,,,,,,,,
9,16,29,22,23,27,20,19,2,,,,,,,,,,
19,24,21,20,23,27,22,29,3,,,,,,,,,,
9,,,,,,,,,,,,,,,,,,
15,22,10,,,,,,,,,,,,,,,,
25,6,5,28,7,11,19,24,21,20,,,,,,,,,
24,21,20,23,15,,,,,,,,,,,,,,
25,6,5,28,18,7,11,19,24,21,20,,,,,,,,
29,10,22,23,27,20,21,24,19,1,2,,,,,,,,
23,27,20,21,24,19,11,7,18,28,5,6,,,,,,,
19,2,,,,,,,,,,,,,,,,,
17,8,18,7,28,5,,,,,,,,,,,,,
28,5,18,7,11,,,,,,,,,,,,,,
26,,,,,,,,,,,,,,,,,,
4,2,19,20,24,21,17,8,,,,,,,,,,,
16,9,29,10,,,,,,,,,,,,,,,
4,19,24,21,20,23,27,22,10,29,12,,,,,,,,
23,27,22,3,10,15,,,,,,,,,,,,,
16,9,29,,,,,,,,,,,,,,,,
19,24,21,17,8,18,,,,,,,,,,,,,
2,19,24,21,17,8,18,7,5,28,,,,,,,,,
29,10,22,23,27,,,,,,,,,,,,,,
18,7,21,24,20,23,27,22,3,,,,,,,,,,
6,5,28,,,,,,,,,,,,,,,,
2,1,4,19,24,21,20,23,27,22,3,10,29,,,,,,
22,29,27,23,20,19,24,21,18,7,,,,,,,,,
9,16,29,22,27,23,20,21,24,11,,,,,,,,,
21,20,23,27,22,15,,,,,,,,,,,,,
26,,,,,,,,,,,,,,,,,,
21,24,20,19,11,7,28,5,18,8,17,,,,,,,,
23,27,20,21,24,19,11,7,18,,,,,,,,,,
7,19,24,21,20,23,27,22,3,29,16,9,,,,,,,
23,20,21,24,19,,,,,,,,,,,,,,
29,22,27,23,20,24,19,,,,,,,,,,,,
2,19,21,20,23,27,22,10,,,,,,,,,,,
5,,,,,,,,,,,,,,,,,,
29,15,22,27,23,20,19,21,24,,,,,,,,,,
7,21,24,19,4,,,,,,,,,,,,,,
6,5,28,7,21,24,19,2,1,,,,,,,,,,
18,17,8,7,5,28,,,,,,,,,,,,,
10,29,22,27,23,20,19,24,21,,,,,,,,,,
16,9,29,22,27,23,20,21,11,7,,,,,,,,,
12,16,9,29,10,22,27,23,20,21,24,19,,,,,,,
25,6,5,28,7,11,2,4,,,,,,,,,,,
23,27,20,21,24,11,,,,,,,,,,,,,
15,23,22,27,,,,,,,,,,,,,,,
5,28,18,7,11,19,24,21,20,23,27,22,10,15,,,,,
15,,,,,,,,,,,,,,,,,,
5,28,7,18,8,17,23,27,22,3,29,,,,,,,,
26,,,,,,,,,,,,,,,,,,
21,24,20,,,,,,,,,,,,,,,,
5,28,7,18,8,17,23,27,,,,,,,,,,,
27,23,20,24,,,,,,,,,,,,,,,
4,2,19,24,21,20,23,27,22,3,,,,,,,,,
15,23,27,22,29,10,,,,,,,,,,,,,
11,19,24,21,17,8,,,,,,,,,,,,,
15,10,,,,,,,,,,,,,,,,,
6,5,28,,,,,,,,,,,,,,,,
8,7,28,5,,,,,,,,,,,,,,,
8,17,15,23,27,22,29,9,16,,,,,,,,,,
1,2,19,24,21,20,23,22,29,,,,,,,,,,
6,5,28,7,11,,,,,,,,,,,,,,
2,19,24,21,20,,,,,,,,,,,,,,
20,24,21,23,27,22,3,15,10,29,9,16,12,,,,,,
3,29,22,27,23,17,,,,,,,,,,,,,
28,5,7,11,,,,,,,,,,,,,,,
18,,,,,,,,,,,,,,,,,,
5,28,18,7,11,2,,,,,,,,,,,,,
29,22,27,23,20,19,24,21,,,,,,,,,,,
19,24,21,20,23,27,22,29,,,,,,,,,,,
21,24,20,19,11,7,18,28,6,5,,,,,,,,,
25,5,28,18,8,17,23,27,,,,,,,,,,,
15,23,27,22,29,,,,,,,,,,,,,,
6,5,28,7,18,8,17,23,27,22,10,29,,,,,,,
24,21,20,11,7,18,,,,,,,,,,,,,
7,18,11,19,24,21,20,23,27,22,,,,,,,,,
21,20,23,27,22,3,15,,,,,,,,,,,,
28,5,11,19,2,,,,,,,,,,,,,,
29,22,27,23,20,21,24,19,2,1,,,,,,,,,
28,18,7,5,,,,,,,,,,,,,,,
18,7,19,24,21,20,23,27,22,29,3,,,,,,,,
2,19,11,5,28,7,8,17,,,,,,,,,,,
19,2,1,,,,,,,,,,,,,,,,
10,29,,,,,,,,,,,,,,,,,
10,15,29,22,27,23,,,,,,,,,,,,,
16,9,29,10,3,22,23,27,,,,,,,,,,,
5,28,7,8,17,23,27,22,3,,,,,,,,,,
6,5,28,7,19,24,21,20,23,27,22,29,10,15,,,,,
18,7,11,24,21,20,23,27,22,3,10,29,16,9,,,,,
4,2,19,24,21,20,23,27,22,3,15,,,,,,,,
6,5,28,24,19,2,4,,,,,,,,,,,,
28,7,24,21,19,20,23,27,,,,,,,,,,,
6,5,28,18,7,19,24,21,20,23,22,29,27,,,,,,
27,23,17,8,7,28,5,6,25,,,,,,,,,,
24,21,20,19,27,23,,,,,,,,,,,,,
23,27,19,24,21,17,8,,,,,,,,,,,,
29,22,27,23,20,24,21,,,,,,,,,,,,
27,23,22,29,3,,,,,,,,,,,,,,
16,9,29,10,22,27,23,20,21,24,19,,,,,,,,
16,9,29,22,27,23,15,17,8,,,,,,,,,,
12,16,9,29,3,22,27,23,17,7,28,5,6,25,,,,,
21,24,19,20,23,27,22,,,,,,,,,,,,
10,29,22,27,23,20,21,24,19,2,1,,,,,,,,
7,5,28,8,17,21,24,20,23,27,22,29,10,,,,,,
28,,,,,,,,,,,,,,,,,,
6,5,28,,,,,,,,,,,,,,,,
4,2,19,24,21,20,23,27,,,,,,,,,,,
18,28,5,11,19,24,21,20,23,27,22,15,10,29,16,9,,,
1,2,19,24,7,28,5,6,,,,,,,,,,,
18,7,6,5,28,,,,,,,,,,,,,,
20,23,27,22,29,,,,,,,,,,,,,,
20,21,24,19,11,7,18,,,,,,,,,,,,
5,28,7,8,17,21,24,19,20,27,23,,,,,,,,
20,24,21,23,27,22,3,29,9,16,12,,,,,,,,
19,2,,,,,,,,,,,,,,,,,
29,10,15,22,27,23,20,,,,,,,,,,,,
24,21,20,23,27,22,3,15,10,,,,,,,,,,
16,9,29,10,15,3,22,27,23,,,,,,,,,,
25,5,28,19,21,24,20,23,27,,,,,,,,,,
27,23,17,8,,,,,,,,,,,,,,,
26,,,,,,,,,,,,,,,,,,
21,24,19,20,23,27,22,29,,,,,,,,,,,
6,5,28,7,18,8,17,15,10,29,,,,,,,,,
10,15,3,22,27,23,20,,,,,,,,,,,,
8,17,23,27,22,10,15,,,,,,,,,,,,
3,22,,,,,,,,,,,,,,,,,
6,5,28,7,21,24,20,19,,,,,,,,,,,
5,28,18,7,,,,,,,,,,,,,,,
4,2,19,11,7,28,5,25,,,,,,,,,,,
17,8,18,28,5,6,,,,,,,,,,,,,
12,29,10,22,27,20,19,4,,,,,,,,,,,
24,21,20,19,11,7,18,,,,,,,,,,,,
6,5,28,18,21,24,20,23,27,22,29,10,,,,,,,
23,27,22,10,15,,,,,,,,,,,,,,
17,23,27,22,29,9,16,12,,,,,,,,,,,
12,16,9,29,27,23,3,22,,,,,,,,,,,
3,,,,,,,,,,,,,,,,,,
1,2,9,16,,,,,,,,,,,,,,,
20,19,24,21,,,,,,,,,,,,,,,
11,21,20,,,,,,,,,,,,,,,,
9,16,29,10,15,22,27,23,20,21,24,,,,,,,,
8,17,15,,,,,,,,,,,,,,,,
22,27,23,20,24,21,8,17,,,,,,,,,,,
2,1,19,24,21,20,23,27,22,15,3,,,,,,,,
18,7,28,5,6,,,,,,,,,,,,,,
5,28,18,7,11,,,,,,,,,,,,,,
23,27,20,21,24,,,,,,,,,,,,,,
23,17,7,,,,,,,,,,,,,,,,
5,6,28,18,7,11,24,21,20,23,27,22,3,15,10,29,9,16,12
17,15,10,29,9,16,,,,,,,,,,,,,
20,21,17,8,,,,,,,,,,,,,,,
12,16,9,,,,,,,,,,,,,,,,
20,27,23,,,,,,,,,,,,,,,,
23,17,8,,,,,,,,,,,,,,,,
19,11,6,28,5,,,,,,,,,,,,,,
3,22,27,23,15,10,29,,,,,,,,,,,,
26,,,,,,,,,,,,,,,,,,
23,22,27,20,24,21,7,28,5,6,,,,,,,,,
10,29,22,23,27,,,,,,,,,,,,,,
12,16,9,29,10,,,,,,,,,,,,,,
21,24,20,23,27,22,10,15,,,,,,,,,,,
8,17,15,10,3,22,27,23,,,,,,,,,,,
4,19,20,24,21,,,,,,,,,,,,,,
1,2,9,16,12,,,,,,,,,,,,,,
2,19,11,7,28,5,6,,,,,,,,,,,,
21,24,20,19,2,1,4,,,,,,,,,,,,
18,7,8,17,23,22,3,10,,,,,,,,,,,
16,29,10,22,27,23,20,21,24,19,2,1,,,,,,,
23,27,22,29,15,10,,,,,,,,,,,,,
10,29,22,27,23,20,21,24,19,2,4,,,,,,,,
25,6,5,28,7,11,19,24,21,20,23,27,22,3,15,,,,
3,15,10,22,27,23,20,21,24,19,11,7,18,17,8,,,,
20,27,22,,,,,,,,,,,,,,,,
6,5,28,7,18,8,17,,,,,,,,,,,,
3,22,27,23,17,8,7,28,5,,,,,,,,,,
28,5,7,18,8,,,,,,,,,,,,,,
7,21,24,20,23,27,22,29,12,,,,,,,,,,
1,2,19,24,21,20,23,22,27,,,,,,,,,,
3,23,22,10,29,9,16,12,,,,,,,,,,,
22,3,29,10,15,23,27,,,,,,,,,,,,
18,7,11,,,,,,,,,,,,,,,,
10,22,27,23,3,,,,,,,,,,,,,,
2,9,16,12,,,,,,,,,,,,,,,
16,9,29,22,3,23,27,,,,,,,,,,,,
26,,,,,,,,,,,,,,,,,,
29,22,3,23,20,21,17,8,7,,,,,,,,,,
16,29,22,27,23,17,8,7,28,5,6,,,,,,,,
1,,,,,,,,,,,,,,,,,,
22,10,29,27,23,20,21,24,19,11,7,18,8,17,,,,,
24,,,,,,,,,,,,,,,,,,
1,2,19,21,20,24,7,28,5,6,,,,,,,,,
8,17,15,22,27,23,,,,,,,,,,,,,
3,22,27,23,20,21,24,19,2,1,4,,,,,,,,
18,8,17,23,27,22,10,,,,,,,,,,,,
17,8,7,28,5,,,,,,,,,,,,,,
8,17,23,27,22,29,3,,,,,,,,,,,,
12,9,16,29,10,3,22,27,23,20,24,21,,,,,,,
5,28,,,,,,,,,,,,,,,,,
27,29,22,23,20,24,21,7,28,5,6,,,,,,,,
8,18,7,28,5,6,,,,,,,,,,,,,
20,,,,,,,,,,,,,,,,,,
24,21,20,19,2,4,,,,,,,,,,,,,
11,7,18,,,,,,,,,,,,,,,,
2,,,,,,,,,,,,,,,,,,
22,23,3,,,,,,,,,,,,,,,,
11,19,2,1,,,,,,,,,,,,,,,
4,1,2,19,24,21,20,,,,,,,,,,,,
10,29,15,22,27,23,,,,,,,,,,,,,
17,8,21,24,20,,,,,,,,,,,,,,
5,28,,,,,,,,,,,,,,,,,
5,28,18,7,11,19,24,21,20,23,27,22,29,10,15,3,,,
18,28,5,7,21,24,20,23,27,22,29,10,3,,,,,,
8,17,20,21,24,19,2,,,,,,,,,,,,
26,,,,,,,,,,,,,,,,,,
17,8,18,7,11,24,21,20,,,,,,,,,,,
10,22,29,,,,,,,,,,,,,,,,
8,17,23,27,22,3,29,10,15,,,,,,,,,,
4,1,2,19,11,7,18,28,5,6,,,,,,,,,
11,21,24,20,23,27,22,29,9,16,,,,,,,,,
26,,,,,,,,,,,,,,,,,,
22,3,29,27,23,20,21,24,,,,,,,,,,,
3,22,27,23,20,21,24,19,2,4,,,,,,,,,
7,17,8,28,5,6,,,,,,,,,,,,,
7,18,8,17,,,,,,,,,,,,,,,
25,6,5,28,18,7,21,24,20,23,27,22,3,29,16,9,,,
9,16,29,10,3,22,27,23,21,24,20,,,,,,,,
18,7,8,17,23,27,22,3,10,15,,,,,,,,,
1,2,19,24,21,20,23,22,29,27,,,,,,,,,
3,10,22,27,23,20,24,21,,,,,,,,,,,
7,8,17,23,27,10,22,,,,,,,,,,,,
16,9,29,22,27,23,17,,,,,,,,,,,,
25,6,,,,,,,,,,,,,,,,,
23,27,20,21,24,,,,,,,,,,,,,,
4,2,19,24,21,20,23,27,22,,,,,,,,,,
3,22,27,23,17,8,18,7,28,5,6,,,,,,,,
9,16,29,10,22,27,23,20,21,17,8,5,28,7,,,,,
24,21,19,20,23,27,22,3,,,,,,,,,,,
17,8,18,28,5,,,,,,,,,,,,,,
20,21,24,,,,,,,,,,,,,,,,
29,10,15,3,22,27,23,20,21,24,11,7,18,8,17,,,,
8,17,23,27,22,3,10,29,9,16,12,,,,,,,,
26,,,,,,,,,,,,,,,,,,
18,7,6,5,28,,,,,,,,,,,,,,
5,28,7,8,17,23,27,22,10,29,16,9,,,,,,,
16,9,29,22,27,23,20,21,24,19,2,1,,,,,,,
16,9,29,22,,,,,,,,,,,,,,,
2,19,24,21,7,5,25,,,,,,,,,,,,
3,10,29,22,27,23,17,,,,,,,,,,,,
26,,,,,,,,,,,,,,,,,,
28,5,7,18,8,17,15,10,22,23,27,,,,,,,,
28,6,5,,,,,,,,,,,,,,,,
5,28,25,,,,,,,,,,,,,,,,
7,18,28,5,,,,,,,,,,,,,,,
1,2,4,,,,,,,,,,,,,,,,
17,23,27,22,29,9,16,12,,,,,,,,,,,
11,19,24,21,20,17,,,,,,,,,,,,,
4,1,2,19,20,21,24,,,,,,,,,,,,
20,23,27,22,3,10,29,16,9,,,,,,,,,,
4,19,11,,,,,,,,,,,,,,,,
23,27,22,10,29,12,,,,,,,,,,,,,
12,16,9,29,22,27,23,20,21,24,19,,,,,,,,
23,27,22,3,15,10,29,,,,,,,,,,,,
27,23,20,21,24,19,,,,,,,,,,,,,
5,6,28,18,7,,,,,,,,,,,,,,
16,9,29,22,27,23,3,,,,,,,,,,,,
2,19,24,21,5,6,,,,,,,,,,,,,
1,2,19,11,,,,,,,,,,,,,,,
23,27,22,10,,,,,,,,,,,,,,,
10,29,9,16,,,,,,,,,,,,,,,
11,19,24,21,20,,,,,,,,,,,,,,
10,15,22,27,23,24,21,20,,,,,,,,,,,
29,9,16,,,,,,,,,,,,,,,,
11,19,20,21,24,,,,,,,,,,,,,,
4,2,19,24,21,20,23,27,22,3,,,,,,,,,
12,16,9,29,22,3,27,23,20,24,21,18,,,,,,,
10,22,27,29,16,9,,,,,,,,,,,,,
3,15,29,22,27,23,20,24,21,8,,,,,,,,,
21,24,,,,,,,,,,,,,,,,,
12,16,9,2,,,,,,,,,,,,,,,
6,5,28,18,7,11,19,24,21,20,27,23,22,15,10,,,,
1,2,19,24,21,20,23,27,22,3,15,,,,,,,,
17,8,18,7,28,5,6,25,,,,,,,,,,,
25,5,28,7,8,17,23,27,22,10,29,9,16,12,,,,,
27,23,17,8,18,7,5,28,,,,,,,,,,,
26,,,,,,,,,,,,,,,,,,
8,17,23,27,22,3,29,9,16,,,,,,,,,,
18,7,8,17,23,27,10,22,,,,,,,,,,,
23,27,20,21,24,,,,,,,,,,,,,,
10,29,3,22,27,23,20,21,24,19,11,7,28,5,6,,,,
23,20,21,24,19,11,,,,,,,,,,,,,
27,,,,,,,,,,,,,,,,,,
29,10,15,3,22,27,23,20,21,19,,,,,,,,,
15,10,29,22,27,23,17,8,,,,,,,,,,,
21,24,11,19,20,23,27,22,15,10,29,16,9,,,,,,
28,5,18,7,11,19,24,21,20,23,27,22,29,,,,,,
15,23,27,22,3,29,9,16,12,,,,,,,,,,
20,21,24,23,3,22,27,,,,,,,,,,,,
9,16,29,3,22,27,23,20,24,21,7,28,6,,,,,,
22,23,27,29,16,9,,,,,,,,,,,,,
8,17,,,,,,,,,,,,,,,,,
20,24,21,23,27,22,29,3,,,,,,,,,,,
3,22,29,27,23,15,,,,,,,,,,,,,
15,10,22,23,27,20,21,24,,,,,,,,,,,
2,1,19,11,7,18,28,5,,,,,,,,,,,
16,9,29,22,27,23,20,21,24,19,2,1,,,,,,,
20,23,27,22,29,10,,,,,,,,,,,,,
6,5,28,7,18,,,,,,,,,,,,,,
16,9,29,22,27,23,3,,,,,,,,,,,,
15,10,22,27,23,20,21,24,11,7,18,5,28,,,,,,
1,2,19,24,11,,,,,,,,,,,,,,
1,,,,,,,,,,,,,,,,,,
16,9,29,15,23,27,22,3,,,,,,,,,,,
21,,,,,,,,,,,,,,,,,,
27,23,20,19,24,21,7,,,,,,,,,,,,
23,20,19,24,21,7,18,28,5,6,,,,,,,,,
22,27,23,20,21,24,,,,,,,,,,,,,
12,16,9,29,22,27,23,17,,,,,,,,,,,
9,16,29,10,22,27,23,17,,,,,,,,,,,
10,15,22,23,20,21,24,19,11,,,,,,,,,,
5,28,7,18,8,17,23,27,22,3,10,29,16,9,,,,,
25,5,28,7,21,24,20,23,27,22,29,9,16,,,,,,
25,6,28,5,,,,,,,,,,,,,,,
25,6,5,28,18,8,17,21,24,20,,,,,,,,,
20,24,21,17,8,7,28,5,6,,,,,,,,,,
18,7,28,5,6,25,,,,,,,,,,,,,
24,21,19,20,23,27,22,3,29,16,9,,,,,,,,
24,21,19,20,23,27,22,29,15,,,,,,,,,,
10,15,22,23,,,,,,,,,,,,,,,
16,9,29,10,,,,,,,,,,,,,,,
7,11,19,24,21,20,27,23,,,,,,,,,,,
21,24,,,,,,,,,,,,,,,,,
9,,,,,,,,,,,,,,,,,,
29,27,23,20,24,19,2,4,,,,,,,,,,,
16,9,29,22,27,23,20,24,19,2,,,,,,,,,
23,22,15,17,8,18,7,28,5,6,25,,,,,,,,
26,,,,,,,,,,,,,,,,,,
2,1,4,19,11,7,18,,,,,,,,,,,,
18,7,11,19,24,21,20,23,27,22,3,10,15,,,,,,
7,28,5,11,19,,,,,,,,,,,,,,
2,1,19,20,21,24,,,,,,,,,,,,,
19,2,1,,,,,,,,,,,,,,,,
27,22,23,20,24,19,2,,,,,,,,,,,,
7,21,24,20,19,,,,,,,,,,,,,,
27,23,22,29,10,15,,,,,,,,,,,,,
10,22,15,17,8,,,,,,,,,,,,,,
12,16,9,29,22,27,23,20,21,24,18,28,5,25,,,,,
22,23,27,29,10,,,,,,,,,,,,,,
12,16,9,29,22,27,23,20,21,24,,,,,,,,,
27,22,23,20,24,19,2,1,,,,,,,,,,,
3,10,15,23,27,22,,,,,,,,,,,,,
28,5,7,8,17,23,27,22,29,9,16,,,,,,,,
20,21,24,19,11,5,28,18,,,,,,,,,,,
25,6,5,28,7,,,,,,,,,,,,,,
27,23,20,21,24,,,,,,,,,,,,,,
15,10,29,3,22,27,23,,,,,,,,,,,,
11,19,24,21,20,23,27,,,,,,,,,,,,
9,16,,,,,,,,,,,,,,,,,
17,23,27,22,3,15,10,29,9,16,12,,,,,,,,
16,9,2,,,,,,,,,,,,,,,,
5,28,7,24,21,20,19,,,,,,,,,,,,
22,3,29,27,23,20,,,,,,,,,,,,,
20,23,27,22,15,10,29,16,9,,,,,,,,,,
15,10,3,,,,,,,,,,,,,,,,
5,28,7,8,17,23,27,,,,,,,,,,,,
18,8,17,7,28,5,25,,,,,,,,,,,,
18,5,28,7,11,19,21,24,,,,,,,,,,,
25,5,28,7,17,15,29,22,27,23,,,,,,,,,
2,,,,,,,,,,,,,,,,,,
1,2,9,16,12,,,,,,,,,,,,,,
24,21,20,23,27,22,10,29,9,16,12,,,,,,,,
5,28,7,17,20,24,19,,,,,,,,,,,,
20,21,23,27,,,,,,,,,,,,,,,
17,23,27,22,3,29,10,,,,,,,,,,,,
23,27,22,3,15,10,29,9,16,,,,,,,,,,
1,2,19,24,21,20,27,23,,,,,,,,,,,
18,7,11,19,2,,,,,,,,,,,,,,
1,2,19,6,5,28,,,,,,,,,,,,,
17,8,21,24,19,20,23,27,22,29,16,9,,,,,,,
2,19,11,,,,,,,,,,,,,,,,
4,2,19,11,5,28,7,,,,,,,,,,,,
29,10,22,27,23,20,21,24,19,2,,,,,,,,,
19,24,21,20,27,23,,,,,,,,,,,,,
19,24,21,20,23,27,22,3,29,10,15,,,,,,,,
12,29,22,27,23,17,,,,,,,,,,,,,
4,2,5,28,7,,,,,,,,,,,,,,
29,12,,,,,,,,,,,,,,,,,
11,19,4,,,,,,,,,,,,,,,,
29,22,27,23,20,21,24,11,7,5,28,,,,,,,,
15,23,27,22,29,9,16,12,,,,,,,,,,,
16,9,29,,,,,,,,,,,,,,,,
6,5,28,18,7,11,19,24,21,20,23,27,22,3,10,15,,,
21,24,7,,,,,,,,,,,,,,,,
20,21,24,19,2,4,,,,,,,,,,,,,
21,24,19,20,23,27,22,15,29,9,16,,,,,,,,
26,,,,,,,,,,,,,,,,,,
16,9,29,22,27,23,20,21,24,19,11,6,25,,,,,,
29,22,27,23,20,21,24,19,2,,,,,,,,,,
2,19,11,7,18,28,5,6,,,,,,,,,,,
16,9,29,22,3,23,27,,,,,,,,,,,,
7,18,28,5,,,,,,,,,,,,,,,
9,29,10,,,,,,,,,,,,,,,,
25,5,28,7,17,23,27,22,29,16,9,,,,,,,,
2,1,19,24,21,20,23,27,22,,,,,,,,,,
4,,,,,,,,,,,,,,,,,,
17,23,29,22,27,,,,,,,,,,,,,,
25,5,28,18,7,11,19,20,21,24,,,,,,,,,
28,5,6,7,8,17,15,10,3,22,27,23,20,21,24,,,,
21,24,7,28,5,6,25,,,,,,,,,,,,
6,5,28,7,17,8,,,,,,,,,,,,,
21,20,24,11,,,,,,,,,,,,,,,
23,27,20,21,24,19,11,,,,,,,,,,,,
8,17,21,20,19,2,4,,,,,,,,,,,,
2,19,24,20,23,27,22,29,12,,,,,,,,,,
26,,,,,,,,,,,,,,,,,,
16,9,29,27,23,22,,,,,,,,,,,,,
18,5,28,7,19,20,24,21,,,,,,,,,,,
1,2,,,,,,,,,,,,,,,,,
10,15,17,8,,,,,,,,,,,,,,,
6,5,28,7,17,8,,,,,,,,,,,,,
7,18,5,28,,,,,,,,,,,,,,,
28,5,6,,,,,,,,,,,,,,,,
4,2,1,19,24,21,20,23,27,,,,,,,,,,
25,28,5,19,2,1,,,,,,,,,,,,,
9,16,29,10,,,,,,,,,,,,,,,
16,9,29,22,27,23,20,19,24,21,,,,,,,,,
15,3,29,22,27,23,,,,,,,,,,,,,
3,10,29,16,9,,,,,,,,,,,,,,
9,16,29,22,23,15,10,,,,,,,,,,,,
1,,,,,,,,,,,,,,,,,,
19,24,21,7,18,5,28,,,,,,,,,,,,
2,19,11,7,18,,,,,,,,,,,,,,
25,6,5,28,7,18,8,17,15,10,29,9,16,,,,,,
16,9,29,10,3,22,27,23,20,21,24,11,7,28,5,6,25,,
9,29,27,22,3,,,,,,,,,,,,,,
23,27,20,21,24,,,,,,,,,,,,,,
23,17,8,,,,,,,,,,,,,,,,
27,23,3,22,29,15,,,,,,,,,,,,,
5,28,6,,,,,,,,,,,,,,,,
23,27,20,21,24,19,11,7,5,28,,,,,,,,,
11,,,,,,,,,,,,,,,,,,
22,27,23,10,15,17,8,,,,,,,,,,,,
23,27,20,24,21,17,7,5,28,,,,,,,,,,
24,21,17,7,28,5,25,,,,,,,,,,,,
19,24,21,20,23,27,29,22,,,,,,,,,,,
24,21,20,17,8,18,7,28,5,,,,,,,,,,
18,5,7,21,24,20,23,27,22,29,,,,,,,,,
21,24,,,,,,,,,,,,,,,,,
20,24,21,,,,,,,,,,,,,,,,
23,27,22,15,10,,,,,,,,,,,,,,
5,28,7,8,17,23,27,22,3,,,,,,,,,,
21,24,,,,,,,,,,,,,,,,,
19,24,21,7,5,28,,,,,,,,,,,,,
15,17,7,28,5,25,,,,,,,,,,,,,
25,6,5,28,7,11,19,,,,,,,,,,,,
10,29,22,27,23,17,8,18,28,5,,,,,,,,,
22,10,29,27,23,17,8,,,,,,,,,,,,
11,19,2,4,,,,,,,,,,,,,,,
9,16,29,3,22,27,23,20,21,24,19,1,2,4,,,,,
6,5,28,7,17,8,,,,,,,,,,,,,
28,5,7,18,8,17,23,27,22,29,9,16,12,,,,,,
17,8,7,11,19,20,21,24,,,,,,,,,,,
6,5,28,7,18,8,17,23,27,20,21,24,,,,,,,
3,23,27,22,29,9,16,,,,,,,,,,,,
29,22,27,23,20,19,24,21,7,28,5,6,25,,,,,,
26,,,,,,,,,,,,,,,,,,
26,,,,,,,,,,,,,,,,,,
25,5,28,7,8,17,21,20,27,22,29,16,9,,,,,,
10,3,22,27,23,20,24,19,2,1,,,,,,,,,
11,28,5,,,,,,,,,,,,,,,,
10,15,23,27,22,29,16,9,,,,,,,,,,,
2,1,16,9,,,,,,,,,,,,,,,
10,15,22,23,27,,,,,,,,,,,,,,
16,9,29,22,27,23,20,21,5,28,18,,,,,,,,
23,27,19,24,21,18,,,,,,,,,,,,,
2,9,16,12,,,,,,,,,,,,,,,
1,2,19,24,21,20,23,27,22,3,15,10,,,,,,,
10,15,22,23,27,,,,,,,,,,,,,,
17,8,18,7,28,6,5,,,,,,,,,,,,
24,21,20,27,23,,,,,,,,,,,,,,
6,5,28,18,7,,,,,,,,,,,,,,
3,22,27,23,20,,,,,,,,,,,,,,
24,21,20,19,,,,,,,,,,,,,,,
12,16,9,29,10,15,3,22,27,23,20,24,21,,,,,,
4,2,1,19,24,21,20,23,27,22,10,29,16,9,,,,,
2,19,24,21,20,27,23,,,,,,,,,,,,
20,21,17,,,,,,,,,,,,,,,,
26,,,,,,,,,,,,,,,,,,
23,27,22,29,3,15,17,,,,,,,,,,,,
21,24,20,23,27,22,29,9,16,,,,,,,,,,
2,1,,,,,,,,,,,,,,,,,
8,18,7,11,24,21,,,,,,,,,,,,,
18,5,28,7,19,20,21,24,,,,,,,,,,,
10,29,16,9,,,,,,,,,,,,,,,
21,24,11,19,20,23,27,22,29,10,3,,,,,,,,
29,22,27,23,20,21,24,19,2,,,,,,,,,,
12,29,22,27,23,17,8,,,,,,,,,,,,
9,16,29,10,3,22,27,23,20,21,24,19,11,18,7,,,,
25,6,5,28,11,7,18,8,17,,,,,,,,,,
29,10,,,,,,,,,,,,,,,,,
23,27,,,,,,,,,,,,,,,,,
1,2,19,24,21,7,5,28,18,,,,,,,,,,
3,22,27,23,20,21,24,19,2,1,,,,,,,,,
8,21,24,19,20,23,27,22,29,10,15,,,,,,,,
21,24,19,20,23,27,22,3,10,29,16,9,,,,,,,
10,29,9,16,12,,,,,,,,,,,,,,
15,10,29,22,27,23,24,21,20,,,,,,,,,,
16,9,29,22,27,23,15,,,,,,,,,,,,
17,8,7,,,,,,,,,,,,,,,,
22,27,23,15,29,10,,,,,,,,,,,,,
17,23,27,29,3,22,,,,,,,,,,,,,
19,24,21,20,,,,,,,,,,,,,,,
3,10,29,22,27,23,20,,,,,,,,,,,,
11,21,24,19,2,,,,,,,,,,,,,,
23,,,,,,,,,,,,,,,,,,
15,10,3,22,27,23,20,21,24,19,,,,,,,,,
5,,,,,,,,,,,,,,,,,,
16,9,29,22,27,23,20,21,24,7,28,5,6,25,,,,,
15,10,29,,,,,,,,,,,,,,,,
9,16,29,,,,,,,,,,,,,,,,
18,7,,,,,,,,,,,,,,,,,
1,2,19,24,21,20,23,27,22,3,10,29,,,,,,,
5,28,7,18,8,17,15,10,3,22,27,23,20,21,24,19,,,
18,7,11,19,,,,,,,,,,,,,,,
20,21,19,2,,,,,,,,,,,,,,,
22,29,10,27,23,20,21,24,19,2,1,,,,,,,,
1,2,19,5,28,7,,,,,,,,,,,,,
6,5,28,18,7,11,24,21,20,27,23,15,22,29,9,16,12,,
9,16,,,,,,,,,,,,,,,,,
15,10,29,16,9,,,,,,,,,,,,,,
26,,,,,,,,,,,,,,,,,,
22,3,10,29,27,23,17,8,7,18,,,,,,,,,
7,11,19,4,,,,,,,,,,,,,,,
20,19,24,21,8,,,,,,,,,,,,,,
27,23,22,29,10,3,,,,,,,,,,,,,
27,23,22,29,16,9,12,,,,,,,,,,,,
5,28,18,8,17,23,27,22,29,9,16,,,,,,,,
12,9,16,29,10,15,3,22,27,23,17,8,,,,,,,
25,6,5,28,7,11,24,21,20,27,22,29,9,16,12,,,,
29,22,27,23,20,24,21,,,,,,,,,,,,
4,2,19,24,21,20,23,27,22,10,3,,,,,,,,
9,16,29,10,22,27,23,17,8,,,,,,,,,,
21,24,20,23,27,,,,,,,,,,,,,,
11,7,18,28,5,,,,,,,,,,,,,,
18,7,11,,,,,,,,,,,,,,,,
27,23,22,3,10,29,,,,,,,,,,,,,
27,,,,,,,,,,,,,,,,,,
16,9,29,10,22,27,23,17,8,18,,,,,,,,,
11,24,21,20,23,27,,,,,,,,,,,,,
17,8,18,,,,,,,,,,,,,,,,
5,,,,,,,,,,,,,,,,,,
27,23,15,3,22,29,16,9,,,,,,,,,,,
29,10,22,27,23,20,19,21,24,,,,,,,,,,
6,5,28,7,11,,,,,,,,,,,,,,
23,27,22,3,29,16,9,,,,,,,,,,,,
18,5,28,7,11,24,21,20,23,27,22,,,,,,,,
20,23,27,,,,,,,,,,,,,,,,
9,16,29,10,,,,,,,,,,,,,,,
25,5,28,7,8,17,23,27,22,10,29,,,,,,,,
6,5,28,7,18,8,17,23,27,22,3,15,10,,,,,,
9,16,29,10,22,27,23,20,21,24,11,7,18,28,5,,,,
19,24,21,20,23,,,,,,,,,,,,,,
8,21,24,19,2,4,,,,,,,,,,,,,
3,15,10,29,22,27,23,20,21,24,19,11,7,18,5,28,,,
5,28,18,17,,,,,,,,,,,,,,,
2,1,19,,,,,,,,,,,,,,,,
18,7,6,5,28,,,,,,,,,,,,,,
1,2,19,24,21,20,27,23,17,8,,,,,,,,,
27,23,20,24,21,,,,,,,,,,,,,,
7,18,17,8,,,,,,,,,,,,,,,
21,24,7,28,5,6,,,,,,,,,,,,,
4,2,1,19,24,21,20,,,,,,,,,,,,
26,,,,,,,,,,,,,,,,,,
28,7,8,17,23,27,19,,,,,,,,,,,,
4,1,2,19,11,7,18,28,5,6,,,,,,,,,
11,19,24,21,20,23,27,22,29,10,3,,,,,,,,
12,16,9,29,22,27,23,20,24,21,18,,,,,,,,
6,5,28,7,11,24,21,20,23,27,22,29,9,16,12,,,,
28,5,7,11,19,2,,,,,,,,,,,,,
29,10,15,22,27,23,20,21,24,19,,,,,,,,,
28,5,6,7,8,17,21,20,19,1,2,,,,,,,,
10,29,3,22,27,23,20,21,24,,,,,,,,,,
16,9,29,22,27,23,20,21,24,19,2,1,,,,,,,
21,24,20,23,27,22,15,10,29,,,,,,,,,,
24,19,21,20,23,27,22,29,16,9,,,,,,,,,
12,16,9,29,22,27,23,17,8,18,,,,,,,,,
27,22,23,20,21,7,28,5,25,,,,,,,,,,
16,9,29,22,27,23,17,,,,,,,,,,,,
3,22,27,23,20,24,21,,,,,,,,,,,,
16,9,2,,,,,,,,,,,,,,,,
3,29,22,27,23,20,21,24,19,11,7,18,5,28,,,,,
6,5,28,7,11,19,4,,,,,,,,,,,,
18,7,5,28,,,,,,,,,,,,,,,
27,23,,,,,,,,,,,,,,,,,
10,3,22,27,23,20,24,21,11,7,28,5,6,25,,,,,
11,19,2,4,,,,,,,,,,,,,,,
29,10,,,,,,,,,,,,,,,,,
12,16,9,29,22,27,23,,,,,,,,,,,,
6,5,7,21,24,20,23,27,22,29,9,16,12,,,,,,
3,29,10,15,23,27,22,,,,,,,,,,,,
4,,,,,,,,,,,,,,,,,,
9,16,12,,,,,,,,,,,,,,,,
6,5,28,7,18,,,,,,,,,,,,,,
28,5,18,7,11,24,20,21,,,,,,,,,,,
28,,,,,,,,,,,,,,,,,,
26,,,,,,,,,,,,,,,,,,
26,,,,,,,,,,,,,,,,,,
24,21,20,23,27,22,3,15,10,29,9,16,,,,,,,
29,22,27,23,17,8,,,,,,,,,,,,,
16,9,29,22,27,23,20,,,,,,,,,,,,
25,5,28,7,8,17,21,24,19,20,,,,,,,,,
12,9,16,,,,,,,,,,,,,,,,
1,,,,,,,,,,,,,,,,,,
21,24,19,4,,,,,,,,,,,,,,,
29,9,16,,,,,,,,,,,,,,,,
8,17,18,7,11,19,20,21,24,,,,,,,,,,
12,16,9,29,10,15,22,27,23,20,21,24,11,7,18,28,5,25,
29,22,27,23,20,21,24,19,2,4,,,,,,,,,
28,5,18,7,21,24,20,23,27,22,3,29,9,16,12,,,,
27,23,,,,,,,,,,,,,,,,,
22,27,23,10,15,17,8,18,7,28,5,6,,,,,,,
26,,,,,,,,,,,,,,,,,,
23,27,20,24,21,8,17,,,,,,,,,,,,
8,17,23,27,22,10,29,12,,,,,,,,,,,
20,21,24,19,11,7,18,8,17,,,,,,,,,,
8,17,24,20,23,27,22,3,29,9,16,12,,,,,,,
21,24,19,20,23,27,22,15,10,29,,,,,,,,,
7,18,8,17,20,21,24,19,,,,,,,,,,,
21,24,20,,,,,,,,,,,,,,,,
10,29,22,23,27,,,,,,,,,,,,,,
4,1,2,19,24,21,20,23,27,29,3,22,,,,,,,
7,11,19,24,21,20,23,27,22,10,29,9,16,,,,,,
10,29,9,16,,,,,,,,,,,,,,,
2,19,24,21,20,27,22,3,,,,,,,,,,,
26,,,,,,,,,,,,,,,,,,
26,,,,,,,,,,,,,,,,,,
20,21,24,19,2,1,,,,,,,,,,,,,
25,6,5,28,7,8,17,,,,,,,,,,,,
24,21,20,27,23,,,,,,,,,,,,,,
17,,,,,,,,,,,,,,,,,,
12,16,9,29,22,27,23,20,24,21,7,18,,,,,,,
5,28,7,21,24,20,23,27,22,3,10,,,,,,,,
8,17,18,7,11,,,,,,,,,,,,,,
11,7,28,5,6,,,,,,,,,,,,,,
9,16,29,27,23,17,7,28,5,6,,,,,,,,,
26,,,,,,,,,,,,,,,,,,
27,22,29,23,20,21,24,19,2,1,,,,,,,,,
11,28,5,7,8,17,23,27,22,29,9,16,,,,,,,
27,23,24,21,20,,,,,,,,,,,,,,
17,8,21,24,20,19,2,4,,,,,,,,,,,
5,28,18,7,11,19,21,20,23,27,22,29,,,,,,,
17,8,18,7,11,19,,,,,,,,,,,,,
6,5,28,7,11,19,20,24,21,,,,,,,,,,
11,19,24,21,20,23,27,22,29,9,16,12,,,,,,,
21,24,19,20,23,27,3,22,29,9,16,12,,,,,,,
2,19,11,7,,,,,,,,,,,,,,,
4,2,19,24,21,20,17,,,,,,,,,,,,
8,17,7,,,,,,,,,,,,,,,,
17,8,7,11,19,24,21,20,23,27,,,,,,,,,
28,5,7,18,8,17,15,10,3,22,27,23,,,,,,,
28,,,,,,,,,,,,,,,,,,
19,24,21,20,23,27,22,15,10,29,16,9,,,,,,,
20,21,24,19,2,1,,,,,,,,,,,,,
29,22,27,23,20,21,24,19,2,,,,,,,,,,
17,8,28,5,6,,,,,,,,,,,,,,
12,16,9,29,10,15,,,,,,,,,,,,,
21,24,20,23,27,,,,,,,,,,,,,,
16,9,29,10,15,17,8,18,7,28,5,,,,,,,,
5,28,18,8,17,,,,,,,,,,,,,,
28,5,8,18,7,,,,,,,,,,,,,,
10,3,22,15,23,27,,,,,,,,,,,,,
4,2,19,24,20,23,27,22,29,,,,,,,,,,
26,,,,,,,,,,,,,,,,,,
27,23,20,21,24,11,7,28,5,25,,,,,,,,,
8,7,28,5,25,,,,,,,,,,,,,,
15,10,3,22,23,27,,,,,,,,,,,,,
20,21,24,19,11,5,28,7,8,17,,,,,,,,,
24,20,21,11,18,7,,,,,,,,,,,,,
28,18,7,5,6,,,,,,,,,,,,,,
11,5,28,,,,,,,,,,,,,,,,
21,24,19,20,17,8,18,7,5,28,,,,,,,,,
8,28,5,7,,,,,,,,,,,,,,,
15,29,22,27,23,20,24,21,7,18,28,5,6,25,,,,,
21,24,20,23,27,22,29,3,,,,,,,,,,,
15,10,29,22,27,23,20,24,11,7,28,5,6,,,,,,
17,21,11,,,,,,,,,,,,,,,,
19,20,24,21,,,,,,,,,,,,,,,
25,6,5,28,18,7,8,17,23,27,20,24,21,,,,,,
2,19,24,21,20,23,22,15,,,,,,,,,,,
15,29,22,27,23,20,21,24,19,11,28,5,6,,,,,,
21,24,19,11,7,18,28,5,6,25,,,,,,,,,
24,21,20,19,27,23,22,29,10,,,,,,,,,,
18,8,17,23,27,22,29,9,16,,,,,,,,,,
17,23,27,29,22,,,,,,,,,,,,,,
24,21,20,27,23,,,,,,,,,,,,,,
2,1,19,24,21,20,23,27,22,29,16,9,,,,,,,
22,27,23,10,29,9,16,12,,,,,,,,,,,
27,23,22,10,29,9,16,,,,,,,,,,,,
18,7,8,17,15,10,3,,,,,,,,,,,,
22,,,,,,,,,,,,,,,,,,
26,,,,,,,,,,,,,,,,,,
20,23,27,22,29,12,,,,,,,,,,,,,
5,28,18,7,21,24,20,23,27,15,22,29,10,,,,,,
21,24,20,19,2,1,,,,,,,,,,,,,
24,21,20,19,27,23,,,,,,,,,,,,,
23,27,20,21,24,19,2,1,,,,,,,,,,,
24,21,19,20,17,8,7,5,28,,,,,,,,,,
15,10,29,3,22,27,23,20,19,24,21,,,,,,,,
27,23,22,10,29,9,16,,,,,,,,,,,,
23,27,20,24,21,7,28,5,6,25,,,,,,,,,
16,9,29,15,3,22,27,23,17,8,18,7,,,,,,,
8,17,23,27,22,29,9,16,12,,,,,,,,,,
6,25,,,,,,,,,,,,,,,,,
26,,,,,,,,,,,,,,,,,,
17,8,7,21,24,19,20,23,27,22,3,29,10,,,,,,
18,7,11,19,1,2,4,,,,,,,,,,,,
26,,,,,,,,,,,,,,,,,,
26,,,,,,,,,,,,,,,,,,
17,8,18,7,11,24,20,21,,,,,,,,,,,
29,10,3,22,27,23,20,,,,,,,,,,,,
15,22,27,23,20,19,24,21,7,28,5,25,,,,,,,
3,29,22,27,23,20,19,24,21,,,,,,,,,,
10,3,22,23,17,8,7,5,28,,,,,,,,,,
18,7,24,20,21,,,,,,,,,,,,,,
15,3,22,27,23,20,21,24,11,,,,,,,,,,
26,,,,,,,,,,,,,,,,,,
15,23,27,22,29,10,,,,,,,,,,,,,
28,5,7,18,8,17,21,24,20,27,23,,,,,,,,
9,16,29,10,3,22,27,23,17,8,18,,,,,,,,
5,28,7,17,,,,,,,,,,,,,,,
9,16,2,1,,,,,,,,,,,,,,,
8,17,,,,,,,,,,,,,,,,,
1,2,19,20,21,24,,,,,,,,,,,,,
27,23,20,19,24,21,7,28,5,,,,,,,,,,
9,16,29,22,27,23,20,21,24,19,11,5,28,7,,,,,
27,23,20,21,24,19,2,4,,,,,,,,,,,
2,19,24,21,11,5,28,7,,,,,,,,,,,
27,23,17,8,18,7,5,28,,,,,,,,,,,
17,23,27,22,10,29,9,16,12,,,,,,,,,,
1,2,19,20,21,,,,,,,,,,,,,,
21,24,17,8,,,,,,,,,,,,,,,
16,9,29,3,22,27,23,20,24,21,7,18,,,,,,,
23,15,10,29,9,16,12,,,,,,,,,,,,
21,11,7,28,5,6,,,,,,,,,,,,,
20,24,21,23,27,22,3,10,,,,,,,,,,,
26,,,,,,,,,,,,,,,,,,
9,16,29,22,27,23,20,19,24,21,7,28,5,,,,,,
17,8,21,24,20,23,27,22,3,10,29,9,16,12,,,,,
6,5,28,7,17,23,27,22,29,10,,,,,,,,,
23,22,27,20,21,19,2,1,,,,,,,,,,,
6,5,28,18,8,17,23,27,22,3,10,29,,,,,,,
27,22,23,20,21,24,11,5,28,7,18,,,,,,,,
6,5,28,18,7,8,17,11,,,,,,,,,,,
23,10,22,27,2,4,,,,,,,,,,,,,
26,,,,,,,,,,,,,,,,,,
11,7,18,8,17,15,10,3,22,27,,,,,,,,,
26,,,,,,,,,,,,,,,,,,
28,7,21,24,20,19,2,1,4,,,,,,,,,,
26,,,,,,,,,,,,,,,,,,
24,21,20,19,2,1,,,,,,,,,,,,,
15,10,3,22,27,23,20,,,,,,,,,,,,
24,21,20,23,27,22,29,9,16,12,,,,,,,,,
17,21,20,23,27,22,3,15,,,,,,,,,,,
3,22,27,23,20,21,24,11,,,,,,,,,,,
27,22,23,20,21,7,28,5,18,,,,,,,,,,
8,17,21,24,20,19,2,,,,,,,,,,,,
4,2,19,24,21,20,23,27,22,29,16,9,,,,,,,
17,15,3,23,27,22,29,16,9,,,,,,,,,,
4,2,19,24,21,20,23,27,22,29,,,,,,,,,
16,,,,,,,,,,,,,,,,,,
6,5,28,18,7,,,,,,,,,,,,,,
7,8,17,11,24,21,20,23,27,22,3,10,29,16,9,,,,
25,,,,,,,,,,,,,,,,,,
28,5,7,8,17,15,29,22,27,23,,,,,,,,,
23,22,15,17,8,18,7,5,,,,,,,,,,,
4,19,20,21,17,,,,,,,,,,,,,,
2,19,24,21,20,23,3,22,10,,,,,,,,,,
27,23,22,29,9,16,12,,,,,,,,,,,,
24,21,19,20,,,,,,,,,,,,,,,
29,10,,,,,,,,,,,,,,,,,
11,19,,,,,,,,,,,,,,,,,
4,2,19,11,,,,,,,,,,,,,,,
24,21,20,27,23,15,3,22,29,9,16,12,,,,,,,
9,16,29,,,,,,,,,,,,,,,,
11,24,21,20,23,,,,,,,,,,,,,,
7,8,17,23,27,20,21,24,,,,,,,,,,,
18,8,17,23,,,,,,,,,,,,,,,
8,15,23,27,22,29,3,,,,,,,,,,,,
9,16,29,22,27,23,20,21,24,11,7,18,28,5,6,,,,
21,24,20,19,11,6,28,5,,,,,,,,,,,
18,,,,,,,,,,,,,,,,,,
9,16,29,10,3,22,27,23,20,21,24,11,7,18,,,,,
8,17,5,28,,,,,,,,,,,,,,,
1,2,19,21,,,,,,,,,,,,,,,
12,16,9,29,,,,,,,,,,,,,,,
15,23,27,22,3,29,16,,,,,,,,,,,,
12,,,,,,,,,,,,,,,,,,
25,5,28,19,2,1,,,,,,,,,,,,,
9,,,,,,,,,,,,,,,,,,
5,28,7,21,24,20,23,27,22,3,29,10,,,,,,,
11,19,24,21,20,23,27,22,29,12,,,,,,,,,
5,6,,,,,,,,,,,,,,,,,
12,29,10,22,27,23,20,24,21,7,28,5,25,,,,,,
4,2,19,20,21,17,,,,,,,,,,,,,
2,19,11,7,18,5,28,,,,,,,,,,,,
5,28,7,18,8,17,23,27,22,29,9,16,12,,,,,,
27,23,22,10,15,12,,,,,,,,,,,,,
12,16,9,29,10,,,,,,,,,,,,,,
20,21,24,11,7,18,5,28,,,,,,,,,,,
9,16,29,10,15,3,22,27,23,20,24,21,17,8,18,7,28,5,
3,22,29,27,23,20,21,24,19,,,,,,,,,,
20,21,24,19,1,2,4,,,,,,,,,,,,
11,19,,,,,,,,,,,,,,,,,
5,28,7,11,19,24,21,20,23,27,,,,,,,,,
26,,,,,,,,,,,,,,,,,,
1,2,19,24,21,20,23,27,,,,,,,,,,,
9,16,29,10,22,23,27,20,19,24,21,,,,,,,,
20,23,27,22,29,12,,,,,,,,,,,,,
20,21,23,27,22,3,,,,,,,,,,,,,
27,23,22,3,15,10,29,9,16,,,,,,,,,,
8,17,28,5,,,,,,,,,,,,,,,
25,6,5,28,,,,,,,,,,,,,,,
26,,,,,,,,,,,,,,,,,,
1,2,19,24,21,20,23,27,22,29,10,15,,,,,,,
15,3,29,22,27,23,20,21,24,19,2,1,,,,,,,
4,2,19,24,21,20,,,,,,,,,,,,,
25,5,28,7,21,24,19,20,23,27,22,29,3,,,,,,
4,19,24,21,20,23,27,22,29,10,,,,,,,,,
10,15,3,22,27,23,20,21,24,19,,,,,,,,,
22,27,23,10,29,9,16,,,,,,,,,,,,
21,24,20,,,,,,,,,,,,,,,,
1,2,19,24,21,20,23,27,22,3,10,29,12,,,,,,
9,16,29,22,27,23,20,24,21,28,5,18,,,,,,,
4,2,19,,,,,,,,,,,,,,,,
18,21,24,19,4,,,,,,,,,,,,,,
20,24,21,,,,,,,,,,,,,,,,
6,5,28,17,23,27,22,29,9,16,,,,,,,,,
19,20,24,21,7,18,28,5,6,,,,,,,,,,
3,29,22,27,23,15,,,,,,,,,,,,,
28,5,7,17,23,27,22,3,,,,,,,,,,,
17,23,27,29,16,9,,,,,,,,,,,,,
22,27,23,20,21,24,19,,,,,,,,,,,,
8,17,23,27,22,10,,,,,,,,,,,,,
28,5,6,7,18,8,17,23,27,22,3,10,,,,,,,
20,21,24,19,27,23,10,29,22,,,,,,,,,,
28,5,7,18,,,,,,,,,,,,,,,
5,6,28,7,18,8,17,23,27,22,3,15,10,29,,,,,
20,21,24,19,11,,,,,,,,,,,,,,
12,9,16,29,3,22,27,23,15,17,,,,,,,,,
16,9,29,22,27,23,17,8,28,5,11,,,,,,,,
28,5,18,7,21,24,20,19,2,,,,,,,,,,
4,19,24,21,7,18,5,28,,,,,,,,,,,
19,24,20,23,27,22,29,3,,,,,,,,,,,
11,7,18,,,,,,,,,,,,,,,,
28,5,7,11,19,20,24,21,,,,,,,,,,,
19,11,,,,,,,,,,,,,,,,,
1,2,19,27,23,20,24,21,8,17,,,,,,,,,
29,10,15,,,,,,,,,,,,,,,,
3,10,,,,,,,,,,,,,,,,,
12,16,9,29,3,22,27,23,20,21,24,8,,,,,,,
12,16,9,29,10,3,22,27,23,20,24,21,,,,,,,
17,8,7,21,20,23,27,3,22,,,,,,,,,,
22,3,29,27,23,20,21,24,19,1,2,,,,,,,,
15,10,22,27,23,17,8,,,,,,,,,,,,
3,15,10,29,22,27,23,20,21,24,19,,,,,,,,
27,,,,,,,,,,,,,,,,,,
6,5,28,7,18,8,17,21,20,23,27,22,29,9,16,,,,
7,5,28,,,,,,,,,,,,,,,,
23,27,22,15,10,29,,,,,,,,,,,,,
10,3,22,23,17,8,18,7,28,5,,,,,,,,,
8,24,21,20,23,27,29,22,,,,,,,,,,,
28,5,8,17,7,,,,,,,,,,,,,,
28,5,6,11,19,20,21,24,,,,,,,,,,,
4,2,19,24,21,20,,,,,,,,,,,,,
24,20,21,11,,,,,,,,,,,,,,,
1,2,,,,,,,,,,,,,,,,,
8,17,23,27,20,21,24,19,,,,,,,,,,,
28,5,6,18,7,,,,,,,,,,,,,,
21,24,20,23,27,,,,,,,,,,,,,,
28,5,7,21,24,20,19,2,1,,,,,,,,,,
3,22,23,15,10,,,,,,,,,,,,,,
27,23,15,10,22,29,,,,,,,,,,,,,
1,,,,,,,,,,,,,,,,,,
23,27,20,21,24,19,11,7,18,28,5,6,25,,,,,,
3,10,29,9,16,12,,,,,,,,,,,,,
12,16,9,29,10,22,27,23,20,,,,,,,,,,
12,16,9,29,3,22,27,23,17,8,,,,,,,,,
22,29,10,15,23,27,20,21,24,19,11,7,18,5,28,,,,
6,5,28,7,8,17,23,27,29,10,15,,,,,,,,
5,28,7,11,,,,,,,,,,,,,,,
27,23,15,,,,,,,,,,,,,,,,
3,22,27,23,17,8,,,,,,,,,,,,,
8,17,15,10,29,9,16,,,,,,,,,,,,
11,24,21,20,23,27,22,15,10,,,,,,,,,,
15,22,27,23,20,24,21,7,18,28,5,25,,,,,,,
21,24,20,23,27,22,29,16,9,,,,,,,,,,
4,2,,,,,,,,,,,,,,,,,
8,17,21,24,19,20,,,,,,,,,,,,,
16,9,2,4,,,,,,,,,,,,,,,
29,9,16,,,,,,,,,,,,,,,,
9,16,29,10,,,,,,,,,,,,,,,
12,29,10,22,27,23,20,21,24,19,,,,,,,,,
21,24,20,23,27,22,10,,,,,,,,,,,,
18,28,7,11,19,2,1,,,,,,,,,,,,
16,9,29,22,27,23,20,24,21,8,,,,,,,,,
10,29,22,27,23,20,21,24,19,2,4,,,,,,,,
24,21,11,19,20,23,27,,,,,,,,,,,,
23,27,20,21,24,19,2,1,,,,,,,,,,,
24,21,11,7,5,28,,,,,,,,,,,,,
17,8,18,7,11,24,21,20,23,27,22,3,10,29,,,,,
24,21,20,23,27,22,3,15,10,29,,,,,,,,,
22,27,23,20,21,24,19,11,7,18,28,5,6,25,,,,,
5,28,7,8,17,21,24,20,19,2,4,,,,,,,,
20,23,27,22,29,10,,,,,,,,,,,,,
1,2,19,24,21,20,23,27,22,29,16,9,,,,,,,
9,16,29,22,27,23,20,24,21,7,28,5,25,,,,,,
27,23,20,21,17,8,7,5,28,,,,,,,,,,
2,1,19,24,21,20,23,27,22,29,9,16,12,,,,,,
20,21,24,27,23,,,,,,,,,,,,,,
17,8,,,,,,,,,,,,,,,,,
7,18,6,5,28,,,,,,,,,,,,,,
15,3,22,29,27,23,20,24,21,,,,,,,,,,
20,23,27,22,10,29,,,,,,,,,,,,,
27,23,22,29,10,,,,,,,,,,,,,,
10,15,22,27,20,19,2,4,,,,,,,,,,,
27,23,20,21,24,11,7,18,8,17,,,,,,,,,
1,2,19,,,,,,,,,,,,,,,,
28,,,,,,,,,,,,,,,,,,
28,5,7,8,17,20,21,24,19,2,,,,,,,,,
7,18,8,17,23,27,29,3,22,,,,,,,,,,
25,5,28,18,7,21,24,20,23,27,22,,,,,,,,
19,24,21,20,23,27,22,3,29,10,,,,,,,,,
18,7,28,5,11,19,24,21,20,27,23,15,10,29,22,,,,
19,11,7,18,5,28,,,,,,,,,,,,,
10,22,27,23,20,21,24,19,11,7,18,28,5,25,,,,,
22,27,23,20,21,24,19,2,1,,,,,,,,,,
3,22,29,15,23,27,19,24,21,20,,,,,,,,,
23,,,,,,,,,,,,,,,,,,
17,8,18,7,21,20,27,23,15,3,22,29,16,9,,,,,
23,27,22,10,15,3,,,,,,,,,,,,,
29,10,3,22,27,23,20,19,21,24,,,,,,,,,
4,2,,,,,,,,,,,,,,,,,
17,21,20,23,27,22,3,,,,,,,,,,,,
4,2,19,24,21,20,27,23,22,,,,,,,,,,
19,2,1,,,,,,,,,,,,,,,,
7,28,5,11,19,2,,,,,,,,,,,,,
27,23,17,8,18,7,,,,,,,,,,,,,
19,24,21,20,23,27,22,,,,,,,,,,,,
28,5,18,8,17,,,,,,,,,,,,,,
20,24,21,17,8,7,28,5,25,,,,,,,,,,
12,29,22,27,23,20,21,24,11,5,28,7,,,,,,,
19,,,,,,,,,,,,,,,,,,
25,5,28,7,11,19,20,24,21,,,,,,,,,,
19,24,21,20,23,22,27,,,,,,,,,,,,
12,29,10,15,3,22,27,23,,,,,,,,,,,
9,16,29,22,27,23,,,,,,,,,,,,,
6,5,28,7,11,,,,,,,,,,,,,,
2,19,24,21,20,23,27,22,29,,,,,,,,,,
6,5,28,,,,,,,,,,,,,,,,
6,5,28,7,18,8,17,15,10,3,22,27,23,20,21,24,,,
25,6,7,28,5,,,,,,,,,,,,,,
20,24,21,17,8,,,,,,,,,,,,,,
2,19,20,24,21,17,18,,,,,,,,,,,,
25,6,5,28,7,21,24,20,23,27,22,3,10,29,9,16,,,
28,18,7,5,6,25,,,,,,,,,,,,,
27,23,20,21,24,19,2,1,,,,,,,,,,,
7,21,24,20,23,27,22,3,,,,,,,,,,,
3,29,22,27,23,17,8,18,7,5,28,,,,,,,,
3,10,22,27,23,17,8,18,7,,,,,,,,,,
9,16,29,22,3,27,23,20,21,11,,,,,,,,,
22,27,23,20,21,24,19,11,,,,,,,,,,,
19,20,21,7,18,28,5,6,,,,,,,,,,,
2,1,19,11,7,18,5,28,,,,,,,,,,,
16,9,29,22,27,23,20,21,24,11,7,18,,,,,,,
1,2,19,24,20,23,27,22,29,,,,,,,,,,
20,24,21,17,8,18,7,5,28,,,,,,,,,,
18,5,28,,,,,,,,,,,,,,,,
17,15,23,27,29,22,,,,,,,,,,,,,
1,2,19,24,21,20,23,27,22,29,9,16,,,,,,,
27,22,29,23,20,24,21,7,18,28,5,25,,,,,,,
6,5,28,7,8,17,23,27,20,21,19,2,4,,,,,,
3,10,29,22,27,23,17,8,7,5,28,,,,,,,,
26,,,,,,,,,,,,,,,,,,
9,16,29,10,22,27,23,20,21,24,,,,,,,,,
18,8,17,15,22,23,27,,,,,,,,,,,,
26,,,,,,,,,,,,,,,,,,
4,2,19,7,,,,,,,,,,,,,,,
25,6,5,28,7,8,17,23,27,22,29,16,9,,,,,,
24,20,21,11,,,,,,,,,,,,,,,
16,9,29,22,27,23,20,24,17,,,,,,,,,,
23,27,20,21,24,19,2,1,,,,,,,,,,,
4,2,1,19,11,7,18,,,,,,,,,,,,
12,16,9,29,22,27,23,15,,,,,,,,,,,
5,28,18,7,11,19,24,21,20,23,27,22,3,15,10,29,9,16,
19,24,21,20,23,27,22,15,,,,,,,,,,,
9,29,22,27,23,20,24,21,7,18,,,,,,,,,
7,19,24,21,20,27,23,,,,,,,,,,,,
11,19,20,21,24,,,,,,,,,,,,,,
15,22,27,23,20,21,24,19,2,,,,,,,,,,
17,21,24,19,20,27,23,,,,,,,,,,,,
9,16,29,10,3,22,27,23,24,21,20,,,,,,,,
12,16,9,29,22,27,23,,,,,,,,,,,,
10,29,3,22,27,23,20,21,24,19,11,7,28,5,6,,,,
20,21,24,19,27,23,,,,,,,,,,,,,
8,17,23,27,22,3,29,16,9,,,,,,,,,,
29,22,27,23,20,19,24,21,7,18,28,5,6,,,,,,
22,3,27,23,17,8,28,5,,,,,,,,,,,
28,5,7,17,8,,,,,,,,,,,,,,
7,5,28,18,8,17,23,27,22,29,12,,,,,,,,
28,5,18,7,11,19,20,21,24,,,,,,,,,,
1,2,19,24,21,20,,,,,,,,,,,,,
9,16,29,22,27,23,17,,,,,,,,,,,,
24,21,20,19,,,,,,,,,,,,,,,
3,15,10,29,22,27,23,17,8,18,7,28,5,,,,,,
18,8,17,23,22,15,,,,,,,,,,,,,
12,9,16,29,22,10,15,23,27,24,21,20,,,,,,,
28,5,6,7,8,17,23,27,22,3,29,,,,,,,,
19,1,2,,,,,,,,,,,,,,,,
25,5,11,19,2,1,,,,,,,,,,,,,
28,5,18,7,11,19,24,21,20,23,27,22,3,10,29,12,,,
9,16,29,22,27,23,17,8,7,28,5,,,,,,,,
28,5,7,8,17,23,27,22,29,3,,,,,,,,,
4,19,11,7,,,,,,,,,,,,,,,
20,21,24,19,1,2,,,,,,,,,,,,,
18,,,,,,,,,,,,,,,,,,
7,11,19,,,,,,,,,,,,,,,,
19,11,,,,,,,,,,,,,,,,,
17,8,18,,,,,,,,,,,,,,,,
10,15,22,27,23,20,21,24,19,,,,,,,,,,
21,24,20,23,27,22,3,15,10,29,,,,,,,,,
23,27,22,29,10,15,17,8,7,18,,,,,,,,,
11,19,2,,,,,,,,,,,,,,,,
17,8,18,7,,,,,,,,,,,,,,,
24,21,20,8,17,,,,,,,,,,,,,,
8,17,7,18,,,,,,,,,,,,,,,
3,,,,,,,,,,,,,,,,,,
9,16,29,,,,,,,,,,,,,,,,
20,21,24,27,23,,,,,,,,,,,,,,
17,8,18,7,28,5,11,24,21,20,27,23,,,,,,,
5,28,18,7,11,19,24,20,23,27,22,29,,,,,,,
19,20,21,24,,,,,,,,,,,,,,,
1,2,19,21,7,5,28,,,,,,,,,,,,
23,27,20,21,11,7,18,6,5,28,,,,,,,,,
9,16,29,10,3,22,23,27,,,,,,,,,,,
19,24,21,20,23,27,22,3,10,29,16,9,,,,,,,
23,27,,,,,,,,,,,,,,,,,
21,20,8,17,,,,,,,,,,,,,,,
12,16,9,29,10,22,27,23,,,,,,,,,,,
6,5,28,21,24,20,23,27,22,29,12,,,,,,,,
6,5,28,19,2,,,,,,,,,,,,,,
5,28,7,19,24,21,20,23,,,,,,,,,,,
28,5,18,7,,,,,,,,,,,,,,,
11,,,,,,,,,,,,,,,,,,
21,20,23,22,3,10,29,9,16,12,,,,,,,,,
4,2,19,24,21,11,7,18,28,5,,,,,,,,,
4,2,,,,,,,,,,,,,,,,,
25,5,28,18,7,11,19,20,24,21,,,,,,,,,
11,7,5,28,,,,,,,,,,,,,,,
5,28,7,8,17,11,,,,,,,,,,,,,
29,9,16,,,,,,,,,,,,,,,,
29,27,23,20,19,4,,,,,,,,,,,,,
21,24,19,20,27,23,17,8,,,,,,,,,,,
29,10,22,3,27,23,17,8,,,,,,,,,,,
28,5,6,7,8,17,23,27,20,21,24,19,11,,,,,,
1,2,19,24,21,20,23,27,,,,,,,,,,,
10,29,3,22,27,23,,,,,,,,,,,,,
4,1,2,19,11,,,,,,,,,,,,,,
2,19,24,21,11,,,,,,,,,,,,,,
16,9,,,,,,,,,,,,,,,,,
4,2,19,7,18,,,,,,,,,,,,,,
26,,,,,,,,,,,,,,,,,,
28,5,7,19,20,24,21,,,,,,,,,,,,
6,5,28,7,8,17,23,27,22,29,16,9,,,,,,,
5,28,18,7,19,,,,,,,,,,,,,,
17,8,18,7,11,24,21,20,23,27,,,,,,,,,
18,7,21,24,19,2,,,,,,,,,,,,,
5,28,7,18,8,17,15,10,29,3,22,27,23,20,24,21,,,
1,2,19,24,21,20,23,27,22,10,29,16,9,,,,,,
22,3,27,23,15,10,,,,,,,,,,,,,
5,28,7,11,24,21,20,23,27,22,10,,,,,,,,
23,27,20,21,24,19,11,5,28,7,18,,,,,,,,
25,5,28,18,7,11,19,24,21,20,27,23,,,,,,,
29,22,23,27,,,,,,,,,,,,,,,
19,24,21,20,23,27,22,3,10,15,,,,,,,,,
10,22,27,23,17,8,28,5,,,,,,,,,,,
12,9,16,,,,,,,,,,,,,,,,
17,8,7,11,19,,,,,,,,,,,,,,
21,24,20,19,2,,,,,,,,,,,,,,
5,28,7,11,19,2,1,,,,,,,,,,,,
24,21,20,19,1,2,4,,,,,,,,,,,,
29,10,22,23,27,,,,,,,,,,,,,,
15,22,27,23,20,21,24,19,11,7,18,28,5,,,,,,
21,24,20,23,27,22,3,29,9,16,12,,,,,,,,
29,10,22,27,23,17,8,,,,,,,,,,,,
4,2,19,,,,,,,,,,,,,,,,
22,10,29,27,23,17,8,7,28,5,25,,,,,,,,
26,,,,,,,,,,,,,,,,,,
25,6,5,28,7,18,8,17,15,10,3,22,23,27,,,,,
25,6,5,28,18,7,11,19,24,21,20,23,27,3,22,15,10,,
9,16,29,22,27,23,15,3,,,,,,,,,,,
4,2,19,24,21,20,17,8,,,,,,,,,,,
22,27,23,17,8,18,7,28,5,6,25,,,,,,,,
22,27,23,15,10,29,9,16,12,,,,,,,,,,
22,27,23,20,21,24,19,11,7,18,,,,,,,,,
9,16,12,,,,,,,,,,,,,,,,
29,22,27,17,8,,,,,,,,,,,,,,
25,6,5,28,7,18,8,17,23,20,24,21,11,,,,,,
8,17,23,27,29,10,,,,,,,,,,,,,
4,,,,,,,,,,,,,,,,,,
28,7,18,5,6,,,,,,,,,,,,,,
4,2,19,28,5,25,,,,,,,,,,,,,
11,24,19,4,,,,,,,,,,,,,,,
23,27,22,29,10,15,3,,,,,,,,,,,,
18,17,21,24,19,1,2,,,,,,,,,,,,
8,18,7,28,5,6,25,,,,,,,,,,,,
16,9,29,10,,,,,,,,,,,,,,,
19,24,21,20,23,27,22,29,10,,,,,,,,,,
26,,,,,,,,,,,,,,,,,,
22,3,29,27,23,20,21,24,19,,,,,,,,,,
11,19,24,21,20,23,27,22,29,10,15,3,,,,,,,
9,16,29,10,15,3,22,27,23,20,21,24,11,7,18,28,5,,
1,2,19,24,21,20,23,27,22,3,29,10,,,,,,,
17,21,24,19,2,,,,,,,,,,,,,,
11,24,21,20,23,27,22,3,10,29,9,16,12,,,,,,
11,19,24,21,20,23,27,22,10,29,16,9,,,,,,,
28,5,18,,,,,,,,,,,,,,,,
2,19,24,21,20,23,27,22,3,,,,,,,,,,
6,5,28,7,21,24,19,2,1,,,,,,,,,,
23,27,22,29,3,,,,,,,,,,,,,,
25,5,28,7,17,,,,,,,,,,,,,,
7,18,8,17,21,20,24,19,2,1,,,,,,,,,
6,5,28,18,7,11,19,24,21,20,23,27,22,3,15,,,,
8,17,21,20,19,2,4,,,,,,,,,,,,
17,8,18,7,28,6,5,,,,,,,,,,,,
28,5,7,21,24,20,23,27,22,29,9,16,12,,,,,,
9,16,29,10,22,27,23,20,21,24,19,2,1,,,,,,
18,8,17,23,27,22,,,,,,,,,,,,,
16,9,29,22,27,23,15,10,,,,,,,,,,,
21,24,,,,,,,,,,,,,,,,,
5,28,8,17,20,21,24,19,,,,,,,,,,,
3,29,22,27,23,20,21,24,19,2,1,,,,,,,,
7,,,,,,,,,,,,,,,,,,
10,22,27,20,24,21,7,,,,,,,,,,,,
1,2,19,24,21,20,23,27,22,29,3,,,,,,,,
15,3,29,22,27,23,20,21,24,11,,,,,,,,,
17,23,27,22,29,9,16,12,,,,,,,,,,,
8,17,15,10,29,9,16,,,,,,,,,,,,
18,28,5,11,19,24,21,20,23,27,22,29,3,,,,,,
16,9,12,,,,,,,,,,,,,,,,
8,,,,,,,,,,,,,,,,,,
16,9,29,22,23,27,,,,,,,,,,,,,
9,16,29,22,27,23,17,8,7,28,5,,,,,,,,
8,17,23,27,22,29,9,16,,,,,,,,,,,
16,9,29,10,22,27,23,20,21,24,19,11,,,,,,,
26,,,,,,,,,,,,,,,,,,
8,17,23,27,22,10,29,16,9,,,,,,,,,,
29,10,3,22,27,23,20,21,24,19,11,7,,,,,,,
20,19,24,21,,,,,,,,,,,,,,,
17,11,,,,,,,,,,,,,,,,,
24,21,20,19,,,,,,,,,,,,,,,
2,19,20,24,21,,,,,,,,,,,,,,
4,2,19,20,24,21,7,18,,,,,,,,,,,
26,,,,,,,,,,,,,,,,,,
23,22,27,20,24,21,7,18,,,,,,,,,,,
19,24,21,7,28,5,,,,,,,,,,,,,
23,27,22,29,9,16,12,,,,,,,,,,,,
12,9,29,10,,,,,,,,,,,,,,,
9,16,29,22,27,23,20,21,24,19,,,,,,,,,
29,22,27,23,17,18,,,,,,,,,,,,,
16,9,2,,,,,,,,,,,,,,,,
6,5,28,7,18,8,17,15,23,27,22,29,9,16,,,,,
26,,,,,,,,,,,,,,,,,,
28,5,7,17,8,,,,,,,,,,,,,,
3,10,22,23,20,21,24,,,,,,,,,,,,
6,5,28,11,,,,,,,,,,,,,,,
25,6,5,28,7,11,19,2,,,,,,,,,,,
24,21,20,19,27,23,15,,,,,,,,,,,,
7,24,19,2,4,,,,,,,,,,,,,,
3,22,27,23,17,8,7,,,,,,,,,,,,
19,24,21,20,23,27,22,29,9,16,,,,,,,,,
5,28,7,21,24,20,19,,,,,,,,,,,,
22,27,23,20,17,8,,,,,,,,,,,,,
17,23,27,22,29,10,,,,,,,,,,,,,
8,17,24,19,4,,,,,,,,,,,,,,
18,7,11,,,,,,,,,,,,,,,,
26,,,,,,,,,,,,,,,,,,
17,23,27,29,9,16,12,,,,,,,,,,,,
18,7,5,28,,,,,,,,,,,,,,,
22,3,27,23,20,21,24,19,7,28,5,6,25,,,,,,
17,23,27,22,3,10,29,16,9,,,,,,,,,,
25,6,5,28,7,18,8,,,,,,,,,,,,
20,21,24,19,27,23,17,8,18,7,28,5,,,,,,,
17,18,7,28,5,25,,,,,,,,,,,,,
28,,,,,,,,,,,,,,,,,,
1,2,19,24,21,20,23,22,27,,,,,,,,,,
12,16,9,2,1,,,,,,,,,,,,,,
20,21,24,,,,,,,,,,,,,,,,
8,17,7,5,28,,,,,,,,,,,,,,
27,23,20,21,24,19,11,,,,,,,,,,,,
15,10,29,3,22,27,23,20,21,24,19,,,,,,,,
21,24,20,27,22,23,,,,,,,,,,,,,
4,2,9,16,12,,,,,,,,,,,,,,
21,24,20,17,8,7,28,5,25,,,,,,,,,,
9,16,29,15,22,27,23,20,21,11,7,18,,,,,,,
23,27,22,29,3,15,,,,,,,,,,,,,
20,23,27,,,,,,,,,,,,,,,,
21,24,19,11,28,5,6,25,,,,,,,,,,,
23,27,22,,,,,,,,,,,,,,,,
8,17,15,23,27,22,3,,,,,,,,,,,,
26,,,,,,,,,,,,,,,,,,
19,24,21,,,,,,,,,,,,,,,,
7,18,28,5,6,11,21,20,23,27,22,3,15,10,29,16,9,,
16,9,29,10,23,27,22,,,,,,,,,,,,
21,24,20,27,23,,,,,,,,,,,,,,
9,16,29,10,3,22,27,23,20,24,21,8,17,,,,,,
28,5,7,18,,,,,,,,,,,,,,,
8,17,23,27,22,29,3,,,,,,,,,,,,
3,10,29,9,16,12,,,,,,,,,,,,,
16,9,29,10,22,27,23,20,19,24,21,,,,,,,,
28,5,18,7,11,19,2,,,,,,,,,,,,
22,3,29,27,23,17,8,7,28,5,6,,,,,,,,
12,16,9,,,,,,,,,,,,,,,,
24,21,20,27,23,15,10,22,3,,,,,,,,,,
17,21,24,20,19,2,,,,,,,,,,,,,
9,16,2,4,,,,,,,,,,,,,,,
1,2,19,24,20,23,27,22,29,10,,,,,,,,,
22,10,27,23,20,21,24,19,2,4,,,,,,,,,
29,10,22,27,23,20,,,,,,,,,,,,,
6,5,28,21,24,20,23,27,22,29,9,16,,,,,,,
28,5,18,7,11,19,24,21,20,23,27,,,,,,,,
20,21,24,19,11,7,28,5,6,25,,,,,,,,,
20,23,3,22,27,,,,,,,,,,,,,,
21,24,20,23,27,22,15,3,,,,,,,,,,,
8,17,18,,,,,,,,,,,,,,,,
25,6,5,28,7,11,24,21,20,,,,,,,,,,
2,19,24,21,20,23,27,22,,,,,,,,,,,
18,7,,,,,,,,,,,,,,,,,
7,21,24,19,20,23,27,22,29,3,15,,,,,,,,
11,,,,,,,,,,,,,,,,,,
16,9,29,22,27,23,20,24,21,,,,,,,,,,
3,22,23,15,17,8,18,7,5,28,,,,,,,,,
7,11,19,2,4,,,,,,,,,,,,,,
28,5,8,17,21,24,20,19,,,,,,,,,,,
6,5,28,7,8,17,23,27,22,,,,,,,,,,
16,9,29,10,,,,,,,,,,,,,,,
16,9,29,10,15,3,22,27,23,17,8,18,,,,,,,
16,9,2,,,,,,,,,,,,,,,,
22,29,27,23,20,24,21,,,,,,,,,,,,
10,3,23,27,22,,,,,,,,,,,,,,
5,28,6,,,,,,,,,,,,,,,,
4,,,,,,,,,,,,,,,,,,
3,15,10,29,12,,,,,,,,,,,,,,
1,2,19,24,21,7,18,,,,,,,,,,,,
28,5,7,24,21,19,2,1,,,,,,,,,,,
3,22,23,27,,,,,,,,,,,,,,,
4,2,19,24,21,20,17,8,,,,,,,,,,,
21,24,19,2,4,,,,,,,,,,,,,,
11,21,20,23,27,22,3,10,15,,,,,,,,,,
24,21,20,23,27,22,29,16,9,12,,,,,,,,,
12,16,9,29,22,27,23,17,8,,,,,,,,,,
24,21,20,23,27,22,3,10,15,17,8,7,28,6,5,,,,
24,21,19,20,23,27,22,29,9,16,,,,,,,,,
9,16,29,10,15,17,8,,,,,,,,,,,,
26,,,,,,,,,,,,,,,,,,
19,11,7,18,28,5,6,,,,,,,,,,,,
5,28,7,18,8,17,15,23,27,22,,,,,,,,,
15,10,22,27,23,20,21,24,19,4,,,,,,,,,
21,24,20,23,15,22,27,,,,,,,,,,,,
25,6,5,28,18,7,21,24,20,23,27,29,3,22,,,,,
28,5,6,7,18,8,17,23,27,22,,,,,,,,,
16,9,,,,,,,,,,,,,,,,,
7,28,8,17,23,27,22,,,,,,,,,,,,
26,,,,,,,,,,,,,,,,,,
27,23,20,24,21,7,,,,,,,,,,,,,
9,16,29,22,27,23,20,19,24,21,,,,,,,,,
19,20,24,21,8,17,,,,,,,,,,,,,
16,9,29,22,27,23,20,21,24,11,7,,,,,,,,
9,16,29,10,15,3,22,27,23,20,21,24,11,7,18,28,5,6,25
4,2,9,16,12,,,,,,,,,,,,,,
10,3,22,27,23,20,21,24,19,11,,,,,,,,,
29,22,15,10,27,23,,,,,,,,,,,,,
4,2,19,24,21,20,27,23,17,8,7,,,,,,,,
17,8,18,7,28,5,6,,,,,,,,,,,,
20,24,21,7,18,8,17,,,,,,,,,,,,
12,9,16,29,22,27,23,20,21,24,28,,,,,,,,
25,6,5,28,,,,,,,,,,,,,,,
9,16,29,22,15,27,23,,,,,,,,,,,,
15,22,27,23,20,24,21,7,28,5,25,,,,,,,,
27,23,15,3,22,29,10,,,,,,,,,,,,
4,2,19,24,21,20,23,27,22,3,,,,,,,,,
25,6,5,28,7,21,24,20,27,22,3,,,,,,,,
15,3,10,29,22,27,23,17,8,7,28,5,6,,,,,,
23,27,20,21,24,19,,,,,,,,,,,,,
21,24,20,19,11,,,,,,,,,,,,,,
27,22,23,20,21,24,11,,,,,,,,,,,,
4,19,24,21,20,27,22,29,9,16,12,,,,,,,,
8,18,,,,,,,,,,,,,,,,,
17,21,24,20,,,,,,,,,,,,,,,
21,24,19,20,23,27,22,29,15,17,8,,,,,,,,
25,6,5,28,18,7,,,,,,,,,,,,,
25,4,,,,,,,,,,,,,,,,,
9,16,29,22,27,23,15,,,,,,,,,,,,
20,21,24,19,11,,,,,,,,,,,,,,
15,23,27,22,29,9,16,,,,,,,,,,,,
15,23,27,22,29,9,16,12,,,,,,,,,,,
28,5,7,21,24,20,19,,,,,,,,,,,,
12,29,22,27,23,20,24,21,19,,,,,,,,,,
20,21,24,23,27,22,10,,,,,,,,,,,,
9,16,29,10,15,,,,,,,,,,,,,,
28,7,18,8,17,23,27,22,29,10,,,,,,,,,
1,2,19,24,21,20,27,22,29,23,,,,,,,,,
5,28,7,,,,,,,,,,,,,,,,
21,24,19,2,1,4,,,,,,,,,,,,,
29,10,3,22,27,23,20,21,24,19,11,,,,,,,,
5,28,6,25,,,,,,,,,,,,,,,
24,20,21,11,,,,,,,,,,,,,,,
3,15,22,27,23,24,21,20,,,,,,,,,,,
10,29,22,3,15,23,27,19,24,21,20,,,,,,,,
2,1,19,11,7,18,5,28,,,,,,,,,,,
1,2,19,11,18,7,,,,,,,,,,,,,
20,21,24,23,27,22,10,29,16,9,,,,,,,,,
10,29,22,27,23,3,,,,,,,,,,,,,
19,21,20,17,7,5,28,,,,,,,,,,,,
21,24,19,,,,,,,,,,,,,,,,
4,,,,,,,,,,,,,,,,,,
8,17,23,27,22,3,,,,,,,,,,,,,
24,21,20,23,27,22,,,,,,,,,,,,,
10,29,,,,,,,,,,,,,,,,,
20,23,27,22,29,15,,,,,,,,,,,,,
1,2,19,11,,,,,,,,,,,,,,,
24,21,20,23,22,3,15,10,,,,,,,,,,,
7,11,19,20,21,24,,,,,,,,,,,,,
3,10,29,22,27,23,20,21,24,19,2,1,,,,,,,
3,10,29,22,27,23,20,21,24,11,19,,,,,,,,
18,7,11,19,24,21,20,23,27,22,29,9,16,,,,,,
28,5,11,19,24,21,20,23,27,22,29,3,,,,,,,
7,,,,,,,,,,,,,,,,,,
6,25,,,,,,,,,,,,,,,,,
3,10,29,,,,,,,,,,,,,,,,
22,3,29,10,15,23,27,20,21,24,19,,,,,,,,
2,19,24,21,20,23,22,27,,,,,,,,,,,
25,6,5,28,7,8,17,23,27,3,29,22,,,,,,,
12,9,16,29,,,,,,,,,,,,,,,
23,27,20,24,21,,,,,,,,,,,,,,
8,17,23,27,,,,,,,,,,,,,,,
27,23,17,8,18,7,28,5,6,25,,,,,,,,,
7,18,5,28,,,,,,,,,,,,,,,
26,,,,,,,,,,,,,,,,,,
26,,,,,,,,,,,,,,,,,,
6,5,28,18,7,11,19,1,2,,,,,,,,,,
23,27,19,20,21,24,,,,,,,,,,,,,
24,21,20,23,27,22,29,16,12,,,,,,,,,,
11,19,24,21,20,,,,,,,,,,,,,,
2,1,19,24,21,20,23,27,22,29,12,,,,,,,,
29,22,27,23,17,8,,,,,,,,,,,,,
22,29,10,27,23,20,21,24,19,11,7,28,5,6,,,,,
17,15,23,27,22,29,,,,,,,,,,,,,
16,9,2,,,,,,,,,,,,,,,,
1,2,19,24,20,,,,,,,,,,,,,,
18,7,28,5,11,19,2,1,,,,,,,,,,,
3,10,29,22,27,23,20,21,24,19,11,7,18,28,5,,,,
12,16,9,,,,,,,,,,,,,,,,
18,7,17,8,,,,,,,,,,,,,,,
11,24,19,2,1,,,,,,,,,,,,,,
4,2,19,24,21,20,23,27,3,22,,,,,,,,,
3,23,27,22,10,29,9,16,12,,,,,,,,,,
4,2,19,24,20,23,27,29,16,9,,,,,,,,,
11,24,21,20,23,27,22,29,12,16,9,,,,,,,,
4,2,19,24,21,20,23,3,22,29,,,,,,,,,
24,21,19,20,23,27,22,29,,,,,,,,,,,
27,23,,,,,,,,,,,,,,,,,
22,27,23,24,19,2,1,,,,,,,,,,,,
20,19,24,21,17,28,5,25,,,,,,,,,,,
22,29,27,23,20,21,24,19,1,2,,,,,,,,,
15,10,22,27,23,20,21,24,19,2,,,,,,,,,
12,16,9,29,3,22,27,23,20,21,24,19,,,,,,,
15,22,27,23,17,8,18,5,28,7,,,,,,,,,
22,3,23,27,,,,,,,,,,,,,,,
19,24,21,20,27,,,,,,,,,,,,,,
12,16,9,29,22,27,23,20,24,19,,,,,,,,,
27,23,3,22,29,9,16,,,,,,,,,,,,
11,19,24,21,20,,,,,,,,,,,,,,
22,15,27,23,20,24,21,7,18,,,,,,,,,,
5,28,7,11,19,21,20,23,27,22,29,9,16,,,,,,
24,21,20,23,27,22,10,,,,,,,,,,,,
12,16,9,29,22,27,23,20,21,24,19,11,7,,,,,,
23,22,27,20,21,24,19,2,4,,,,,,,,,,
20,21,24,19,27,23,17,,,,,,,,,,,,
27,22,23,20,24,21,,,,,,,,,,,,,
18,28,5,7,21,20,23,22,15,10,,,,,,,,,
29,22,27,23,20,21,24,19,,,,,,,,,,,
3,10,22,27,23,20,24,21,17,8,18,28,5,6,25,,,,
22,10,29,27,23,20,21,24,19,2,1,4,,,,,,,
10,29,9,16,,,,,,,,,,,,,,,
8,17,15,10,29,16,9,12,,,,,,,,,,,
21,24,,,,,,,,,,,,,,,,,
23,27,19,24,21,20,,,,,,,,,,,,,
23,27,22,29,10,15,17,8,,,,,,,,,,,
17,15,22,27,23,20,21,24,19,2,4,,,,,,,,
21,20,19,2,1,,,,,,,,,,,,,,
18,7,21,24,20,23,27,,,,,,,,,,,,
10,29,22,27,23,20,21,24,19,2,4,,,,,,,,
8,17,23,27,22,29,9,16,,,,,,,,,,,
1,2,19,20,24,21,7,18,,,,,,,,,,,
21,24,20,19,11,7,18,28,5,6,,,,,,,,,
17,23,22,27,,,,,,,,,,,,,,,
29,10,3,22,27,20,21,24,19,2,1,,,,,,,,
2,19,21,20,23,27,,,,,,,,,,,,,
8,17,15,23,27,22,29,16,9,12,,,,,,,,,
25,6,5,28,7,21,24,20,19,,,,,,,,,,
8,,,,,,,,,,,,,,,,,,
5,28,18,7,11,19,2,1,,,,,,,,,,,
12,16,9,2,,,,,,,,,,,,,,,
3,10,,,,,,,,,,,,,,,,,
9,16,29,10,3,22,27,23,20,,,,,,,,,,
5,28,7,18,17,8,,,,,,,,,,,,,
12,16,9,29,22,27,23,15,17,,,,,,,,,,
16,9,29,10,22,27,23,20,21,24,19,,,,,,,,
7,11,24,21,20,27,23,22,29,9,16,12,,,,,,,
19,11,7,28,5,6,,,,,,,,,,,,,
24,21,20,23,27,,,,,,,,,,,,,,
5,28,6,,,,,,,,,,,,,,,,
24,21,20,23,27,22,29,10,,,,,,,,,,,
11,19,20,21,,,,,,,,,,,,,,,
24,21,20,17,8,7,18,,,,,,,,,,,,
2,1,19,24,21,20,27,23,15,17,8,,,,,,,,
7,24,21,20,19,4,2,1,,,,,,,,,,,
7,28,5,6,25,,,,,,,,,,,,,,
5,28,7,21,24,19,4,2,1,,,,,,,,,,
18,8,17,23,27,22,29,10,15,,,,,,,,,,
4,19,11,7,5,28,,,,,,,,,,,,,
18,7,8,17,15,10,3,22,27,23,20,24,21,,,,,,
23,27,22,3,10,29,9,16,12,,,,,,,,,,
23,27,21,24,20,,,,,,,,,,,,,,
25,2,4,,,,,,,,,,,,,,,,
24,21,19,20,23,27,22,29,10,,,,,,,,,,
8,17,18,,,,,,,,,,,,,,,,
28,5,7,17,8,18,,,,,,,,,,,,,
25,6,5,28,18,7,11,24,21,20,23,27,22,3,10,15,,,
9,16,29,10,22,27,23,20,21,24,,,,,,,,,
9,16,29,27,23,3,,,,,,,,,,,,,
12,29,22,27,23,17,8,,,,,,,,,,,,
17,8,7,28,5,6,25,,,,,,,,,,,,
9,16,29,22,27,23,20,21,7,28,5,18,,,,,,,
7,28,5,11,19,2,4,,,,,,,,,,,,
17,21,20,23,27,22,29,9,16,12,,,,,,,,,
19,,,,,,,,,,,,,,,,,,
10,3,22,27,20,24,21,7,18,28,5,6,,,,,,,
12,9,16,29,10,15,22,27,23,20,21,24,19,,,,,,
17,8,18,7,28,5,11,19,24,21,20,,,,,,,,
10,29,22,27,23,20,21,24,19,11,7,5,28,,,,,,
6,28,5,,,,,,,,,,,,,,,,
26,,,,,,,,,,,,,,,,,,
23,20,24,17,8,,,,,,,,,,,,,,
7,18,28,5,6,25,,,,,,,,,,,,,
19,24,21,20,23,27,22,3,,,,,,,,,,,
10,29,22,27,23,17,,,,,,,,,,,,,
22,27,23,15,3,29,9,16,,,,,,,,,,,
21,24,20,19,2,1,,,,,,,,,,,,,
2,,,,,,,,,,,,,,,,,,
7,18,5,28,,,,,,,,,,,,,,,
18,28,5,6,,,,,,,,,,,,,,,
6,5,28,7,18,8,17,,,,,,,,,,,,
23,27,22,29,15,,,,,,,,,,,,,,
8,17,21,24,20,19,4,,,,,,,,,,,,
24,21,19,20,23,27,22,29,3,,,,,,,,,,
15,23,27,22,29,,,,,,,,,,,,,,
8,17,11,,,,,,,,,,,,,,,,
22,29,16,9,,,,,,,,,,,,,,,
15,10,29,22,27,23,,,,,,,,,,,,,
8,17,23,15,10,22,,,,,,,,,,,,,
15,22,27,23,20,19,2,4,,,,,,,,,,,
10,15,3,22,27,23,20,21,24,11,,,,,,,,,
21,20,19,2,4,,,,,,,,,,,,,,
10,3,22,27,23,17,8,7,11,,,,,,,,,,
9,16,29,22,27,23,17,7,5,28,,,,,,,,,
4,2,,,,,,,,,,,,,,,,,
19,11,24,21,20,23,27,22,10,29,9,16,,,,,,,
20,23,27,22,29,10,15,,,,,,,,,,,,
1,2,19,24,21,20,27,23,,,,,,,,,,,
16,9,12,,,,,,,,,,,,,,,,
15,29,22,27,23,20,19,21,24,18,5,28,,,,,,,
5,28,7,21,24,20,23,27,22,3,29,16,9,,,,,,
25,6,28,5,,,,,,,,,,,,,,,
27,23,3,22,29,10,15,,,,,,,,,,,,
10,15,3,22,27,23,21,24,20,,,,,,,,,,
29,22,27,23,3,,,,,,,,,,,,,,
16,9,29,10,,,,,,,,,,,,,,,
5,28,7,8,17,23,27,22,29,,,,,,,,,,
22,29,27,23,10,15,,,,,,,,,,,,,
15,23,27,29,16,9,12,,,,,,,,,,,,
25,6,5,28,18,7,,,,,,,,,,,,,
26,,,,,,,,,,,,,,,,,,
23,27,20,21,24,19,2,1,,,,,,,,,,,
27,23,24,21,20,,,,,,,,,,,,,,
20,21,23,3,22,10,29,16,9,,,,,,,,,,
28,5,18,7,21,24,19,20,23,27,,,,,,,,,
29,10,15,3,22,27,23,20,21,24,,,,,,,,,
7,8,17,23,27,22,29,3,,,,,,,,,,,
21,24,20,19,11,,,,,,,,,,,,,,
2,19,24,21,20,23,27,29,22,,,,,,,,,,
3,22,27,23,17,8,7,28,5,25,,,,,,,,,
19,24,21,20,23,27,22,29,10,3,,,,,,,,,
9,16,29,10,22,3,27,23,,,,,,,,,,,
27,23,19,1,2,,,,,,,,,,,,,,
18,7,11,19,24,21,20,23,27,29,3,22,,,,,,,
3,22,27,23,20,24,21,7,18,28,5,6,,,,,,,
12,16,9,2,,,,,,,,,,,,,,,
12,9,16,,,,,,,,,,,,,,,,
15,10,29,3,22,27,23,20,24,21,7,28,6,25,,,,,
23,27,22,29,9,16,12,,,,,,,,,,,,
7,11,21,20,23,27,22,3,,,,,,,,,,,
21,24,19,,,,,,,,,,,,,,,,
22,10,15,17,8,18,7,,,,,,,,,,,,
19,24,21,20,23,27,22,15,29,,,,,,,,,,
26,,,,,,,,,,,,,,,,,,
27,23,22,29,,,,,,,,,,,,,,,
21,24,20,23,27,22,3,10,29,12,16,9,,,,,,,
5,28,6,25,,,,,,,,,,,,,,,
6,5,21,24,19,2,1,,,,,,,,,,,,
23,27,20,21,24,19,11,7,18,,,,,,,,,,
22,10,29,27,23,20,21,24,,,,,,,,,,,
24,21,20,,,,,,,,,,,,,,,,
19,24,21,20,23,27,22,10,15,3,,,,,,,,,
12,16,9,29,22,27,23,20,21,24,19,2,1,,,,,,
11,7,5,28,,,,,,,,,,,,,,,
4,,,,,,,,,,,,,,,,,,
24,,,,,,,,,,,,,,,,,,
21,24,20,19,2,4,,,,,,,,,,,,,
5,7,24,19,2,1,,,,,,,,,,,,,
11,19,24,21,20,23,27,22,29,3,,,,,,,,,
1,2,19,24,21,20,23,27,,,,,,,,,,,
4,2,19,,,,,,,,,,,,,,,,
3,15,10,22,27,23,20,21,24,19,,,,,,,,,
3,,,,,,,,,,,,,,,,,,
21,24,,,,,,,,,,,,,,,,,
2,1,,,,,,,,,,,,,,,,,
23,27,20,21,24,19,2,1,,,,,,,,,,,
5,28,7,8,17,18,,,,,,,,,,,,,
10,3,22,27,23,17,8,18,,,,,,,,,,,
23,27,22,15,17,8,,,,,,,,,,,,,
8,17,7,28,5,6,,,,,,,,,,,,,
19,20,24,21,17,8,7,28,5,,,,,,,,,,
10,,,,,,,,,,,,,,,,,,
1,2,4,,,,,,,,,,,,,,,,
25,6,5,28,18,7,21,24,20,23,27,29,3,22,,,,,
12,16,9,29,22,27,23,17,,,,,,,,,,,
8,17,23,27,29,22,,,,,,,,,,,,,
23,20,21,24,19,11,28,5,7,,,,,,,,,,
9,16,12,,,,,,,,,,,,,,,,
3,22,27,23,20,21,24,,,,,,,,,,,,
1,2,19,24,21,20,23,27,22,3,29,,,,,,,,
22,27,23,15,10,29,3,,,,,,,,,,,,
12,9,16,,,,,,,,,,,,,,,,
20,24,21,7,18,,,,,,,,,,,,,,
25,5,28,7,21,24,20,27,22,23,,,,,,,,,
17,8,18,7,11,19,4,2,1,,,,,,,,,,
6,5,28,,,,,,,,,,,,,,,,
24,21,20,23,27,22,3,15,10,29,12,,,,,,,,
1,2,19,24,21,20,23,27,22,29,16,9,,,,,,,
6,5,28,7,18,8,17,23,27,22,,,,,,,,,
9,16,,,,,,,,,,,,,,,,,
26,,,,,,,,,,,,,,,,,,
5,,,,,,,,,,,,,,,,,,
11,21,20,27,,,,,,,,,,,,,,,
1,2,19,20,21,24,,,,,,,,,,,,,
29,22,3,15,23,27,,,,,,,,,,,,,
20,21,24,23,27,,,,,,,,,,,,,,
19,20,21,24,27,23,,,,,,,,,,,,,
3,15,10,22,27,23,20,21,24,19,,,,,,,,,
24,19,20,21,,,,,,,,,,,,,,,
6,5,7,11,21,24,20,23,27,22,29,9,16,,,,,,
18,7,11,19,,,,,,,,,,,,,,,
25,5,28,7,24,20,21,,,,,,,,,,,,
3,29,22,27,23,20,,,,,,,,,,,,,
8,18,7,28,5,6,25,,,,,,,,,,,,
3,10,29,22,27,23,20,21,24,19,11,5,28,,,,,,
8,18,7,19,24,21,,,,,,,,,,,,,
19,11,,,,,,,,,,,,,,,,,
18,7,,,,,,,,,,,,,,,,,
19,24,21,20,23,27,22,29,9,16,12,,,,,,,,
11,19,24,21,20,23,27,,,,,,,,,,,,
9,16,29,22,27,23,,,,,,,,,,,,,
3,10,29,22,27,23,20,21,24,19,2,,,,,,,,
4,2,19,24,21,20,23,27,22,3,,,,,,,,,
11,7,18,,,,,,,,,,,,,,,,
19,11,7,28,5,18,,,,,,,,,,,,,
15,22,27,23,20,24,21,7,18,5,28,,,,,,,,
22,3,27,23,20,21,,,,,,,,,,,,,
11,7,,,,,,,,,,,,,,,,,
19,24,21,20,27,23,,,,,,,,,,,,,
9,16,29,22,3,15,23,27,20,21,24,19,,,,,,,
23,27,20,21,24,,,,,,,,,,,,,,
18,7,11,24,21,20,27,23,,,,,,,,,,,
9,16,29,22,27,23,20,21,11,5,28,7,8,17,,,,,
11,19,24,21,20,,,,,,,,,,,,,,
16,9,29,22,27,23,20,21,24,19,2,4,,,,,,,
19,24,21,20,23,27,22,3,10,15,17,8,18,7,28,5,,,
16,9,29,10,15,22,27,23,20,24,21,,,,,,,,
21,24,20,7,18,28,5,,,,,,,,,,,,
24,21,20,27,23,17,8,18,7,28,5,6,,,,,,,
22,29,27,23,20,,,,,,,,,,,,,,
21,24,20,19,2,1,,,,,,,,,,,,,
21,20,23,27,22,3,10,15,17,8,18,7,28,5,6,,,,
20,21,24,27,23,,,,,,,,,,,,,,
9,16,29,3,22,27,23,15,17,8,,,,,,,,,
16,,,,,,,,,,,,,,,,,,
10,29,22,27,23,17,,,,,,,,,,,,,
10,15,3,22,27,23,20,,,,,,,,,,,,
11,5,7,8,17,23,27,22,29,16,9,,,,,,,,
20,21,24,11,7,18,28,5,25,,,,,,,,,,
19,24,21,20,23,27,22,3,10,29,,,,,,,,,
6,5,28,7,17,8,,,,,,,,,,,,,
8,17,23,27,22,3,,,,,,,,,,,,,
8,17,23,22,3,,,,,,,,,,,,,,
6,5,28,18,7,21,24,19,2,1,4,,,,,,,,
22,10,3,27,23,21,20,,,,,,,,,,,,
16,9,29,15,23,22,3,,,,,,,,,,,,
2,19,7,18,,,,,,,,,,,,,,,
19,20,27,23,,,,,,,,,,,,,,,
18,17,8,,,,,,,,,,,,,,,,
21,24,20,23,27,22,29,10,15,,,,,,,,,,
19,24,21,20,23,27,22,29,15,10,,,,,,,,,
11,24,21,20,23,27,22,3,29,15,,,,,,,,,
17,23,27,22,29,9,16,,,,,,,,,,,,
26,,,,,,,,,,,,,,,,,,
10,15,23,27,22,29,16,9,12,,,,,,,,,,
7,28,5,19,24,21,20,23,27,22,29,16,9,,,,,,
15,3,29,22,27,23,20,21,24,19,1,2,,,,,,,
10,29,27,23,22,,,,,,,,,,,,,,
2,19,24,20,23,27,22,29,16,9,,,,,,,,,
6,5,28,7,11,19,24,21,20,23,27,22,29,10,,,,,
3,,,,,,,,,,,,,,,,,,
19,24,21,20,17,8,,,,,,,,,,,,,
1,2,16,9,,,,,,,,,,,,,,,
7,28,5,,,,,,,,,,,,,,,,
19,20,21,24,,,,,,,,,,,,,,,
17,23,27,22,29,3,,,,,,,,,,,,,
19,11,7,28,5,25,,,,,,,,,,,,,
28,5,6,7,18,8,17,15,10,29,16,9,,,,,,,
4,2,1,,,,,,,,,,,,,,,,
16,9,29,22,27,23,20,21,24,11,7,18,28,5,,,,,
20,24,21,23,27,22,,,,,,,,,,,,,
27,23,20,21,24,,,,,,,,,,,,,,
22,29,16,9,,,,,,,,,,,,,,,
20,21,24,19,27,23,15,,,,,,,,,,,,
19,1,2,,,,,,,,,,,,,,,,
27,23,3,22,29,10,15,,,,,,,,,,,,
29,22,23,27,20,21,24,19,11,,,,,,,,,,
10,22,27,23,17,,,,,,,,,,,,,,
3,29,22,27,23,20,24,19,2,4,,,,,,,,,
5,,,,,,,,,,,,,,,,,,
27,3,22,29,10,15,23,,,,,,,,,,,,
27,23,20,21,24,19,,,,,,,,,,,,,
24,21,20,19,11,7,18,5,28,,,,,,,,,,
21,20,24,8,17,,,,,,,,,,,,,,
2,19,20,21,24,,,,,,,,,,,,,,
4,2,1,19,24,21,20,23,27,22,29,10,,,,,,,
12,16,9,29,10,3,22,27,23,20,24,21,7,,,,,,
18,8,17,23,27,22,10,29,,,,,,,,,,,
5,28,,,,,,,,,,,,,,,,,
26,,,,,,,,,,,,,,,,,,
18,5,28,7,11,19,24,21,20,23,27,22,29,10,15,,,,
19,24,21,20,27,23,,,,,,,,,,,,,
25,6,5,28,,,,,,,,,,,,,,,
25,6,5,28,21,24,20,23,27,22,29,9,16,12,,,,,
25,6,5,28,7,11,19,,,,,,,,,,,,
28,5,7,18,8,17,23,27,20,24,19,,,,,,,,
11,19,21,24,20,27,23,29,10,22,,,,,,,,,
19,21,20,23,27,22,15,10,,,,,,,,,,,
17,8,,,,,,,,,,,,,,,,,
24,21,20,23,27,22,10,29,,,,,,,,,,,
19,21,20,23,27,22,10,3,,,,,,,,,,,
18,7,8,17,15,10,3,22,27,23,20,21,24,19,,,,,
8,17,15,10,29,22,27,23,,,,,,,,,,,
4,2,19,24,21,20,23,27,29,3,22,,,,,,,,
23,27,22,10,17,8,7,28,5,25,,,,,,,,,
6,25,,,,,,,,,,,,,,,,,
2,19,24,21,20,27,22,10,29,12,,,,,,,,,
26,,,,,,,,,,,,,,,,,,
28,5,18,7,11,19,24,21,20,,,,,,,,,,
26,,,,,,,,,,,,,,,,,,
27,,,,,,,,,,,,,,,,,,
6,5,28,7,17,23,27,22,3,29,,,,,,,,,
28,5,7,18,8,,,,,,,,,,,,,,
24,21,19,20,23,27,,,,,,,,,,,,,
2,19,11,6,,,,,,,,,,,,,,,
12,9,29,22,27,23,,,,,,,,,,,,,
9,16,29,10,22,27,23,20,24,21,7,28,5,18,,,,,
22,29,10,15,27,23,17,,,,,,,,,,,,
3,29,22,27,23,20,19,24,21,8,17,,,,,,,,
5,28,6,11,7,18,17,8,,,,,,,,,,,
25,6,5,28,18,7,11,,,,,,,,,,,,
7,18,8,17,15,23,27,22,3,,,,,,,,,,
5,28,6,25,,,,,,,,,,,,,,,
2,19,11,7,18,28,5,25,,,,,,,,,,,
4,1,2,19,24,21,20,23,27,22,29,10,,,,,,,
4,2,11,7,28,5,6,,,,,,,,,,,,
8,17,,,,,,,,,,,,,,,,,
4,2,19,24,21,20,23,27,22,29,3,,,,,,,,
11,7,28,5,,,,,,,,,,,,,,,
7,11,19,24,21,20,23,27,22,29,10,15,,,,,,,
8,17,18,7,11,6,5,28,,,,,,,,,,,
18,8,17,11,,,,,,,,,,,,,,,
27,23,17,8,,,,,,,,,,,,,,,
19,24,21,20,27,23,,,,,,,,,,,,,
7,18,8,17,23,27,22,29,,,,,,,,,,,
24,21,20,23,27,22,10,29,,,,,,,,,,,
5,28,7,21,24,20,23,27,22,3,29,9,12,,,,,,
19,11,7,18,28,5,,,,,,,,,,,,,
26,,,,,,,,,,,,,,,,,,
6,5,28,18,7,11,19,24,21,20,23,27,22,15,10,29,,,
1,2,19,11,7,5,28,,,,,,,,,,,,
7,28,5,19,2,,,,,,,,,,,,,,
22,29,3,15,23,27,20,21,24,19,1,2,,,,,,,
23,27,20,21,24,19,2,4,,,,,,,,,,,
8,18,7,11,24,21,20,23,27,22,29,,,,,,,,
21,24,19,2,1,,,,,,,,,,,,,,
19,24,21,17,8,,,,,,,,,,,,,,
21,24,20,19,11,7,5,28,,,,,,,,,,,
11,24,21,20,23,27,22,3,10,,,,,,,,,,
25,6,5,28,7,18,,,,,,,,,,,,,
10,29,22,23,27,19,20,21,24,,,,,,,,,,
21,24,19,2,1,4,,,,,,,,,,,,,
17,8,7,11,19,1,2,,,,,,,,,,,,
5,28,7,18,8,17,23,27,22,29,9,16,,,,,,,
9,16,,,,,,,,,,,,,,,,,
27,23,17,8,18,7,28,5,,,,,,,,,,,
6,5,28,8,17,20,23,27,,,,,,,,,,,
25,2,4,,,,,,,,,,,,,,,,
9,16,29,22,27,23,20,21,24,19,4,,,,,,,,
18,8,17,21,24,19,20,,,,,,,,,,,,
17,8,7,18,,,,,,,,,,,,,,,
5,28,7,6,,,,,,,,,,,,,,,
12,16,9,29,10,3,22,27,23,20,21,24,11,7,18,28,5,6,25
16,9,12,,,,,,,,,,,,,,,,
22,10,15,23,27,20,21,24,11,7,18,28,5,6,,,,,
17,8,21,24,20,,,,,,,,,,,,,,
7,8,18,28,5,6,,,,,,,,,,,,,
22,3,29,27,23,20,21,24,19,11,7,28,5,,,,,,
4,2,19,24,21,,,,,,,,,,,,,,
17,8,18,7,5,28,,,,,,,,,,,,,
9,16,29,22,3,23,27,,,,,,,,,,,,
4,2,19,24,21,20,17,8,,,,,,,,,,,
11,19,2,1,,,,,,,,,,,,,,,
29,22,27,23,20,24,19,2,4,,,,,,,,,,
20,,,,,,,,,,,,,,,,,,
24,21,20,19,7,28,5,25,,,,,,,,,,,
29,10,27,22,23,24,21,20,,,,,,,,,,,
9,16,29,10,22,27,23,20,24,21,7,18,5,28,,,,,
9,16,29,22,27,23,17,8,18,7,,,,,,,,,
9,16,29,22,27,23,20,24,21,7,5,28,,,,,,,
2,19,5,28,,,,,,,,,,,,,,,
10,29,22,27,23,17,8,7,5,28,,,,,,,,,
19,11,,,,,,,,,,,,,,,,,
9,16,29,22,3,15,23,27,20,21,24,11,7,18,5,28,,,
8,17,,,,,,,,,,,,,,,,,
9,16,,,,,,,,,,,,,,,,,
24,21,19,20,23,27,22,3,29,10,,,,,,,,,
6,5,28,7,21,24,20,,,,,,,,,,,,
25,5,28,7,24,20,23,27,22,29,3,,,,,,,,
6,5,28,18,,,,,,,,,,,,,,,
10,29,22,23,27,,,,,,,,,,,,,,
21,24,20,27,23,15,3,22,29,,,,,,,,,,
20,24,21,23,27,22,29,9,16,12,,,,,,,,,
2,19,,,,,,,,,,,,,,,,,
25,6,5,28,7,21,24,19,2,1,4,,,,,,,,
10,29,22,27,23,20,21,24,11,7,18,8,17,,,,,,
12,,,,,,,,,,,,,,,,,,
10,22,27,23,20,19,24,21,,,,,,,,,,,
6,5,,,,,,,,,,,,,,,,,
8,17,20,,,,,,,,,,,,,,,,
7,19,2,4,,,,,,,,,,,,,,,
1,2,19,24,21,20,23,27,22,3,,,,,,,,,
2,1,,,,,,,,,,,,,,,,,
16,9,29,,,,,,,,,,,,,,,,
20,,,,,,,,,,,,,,,,,,
8,17,18,7,,,,,,,,,,,,,,,
19,24,21,20,,,,,,,,,,,,,,,
4,19,,,,,,,,,,,,,,,,,
17,8,21,20,23,27,22,3,15,10,,,,,,,,,
6,5,28,,,,,,,,,,,,,,,,
2,19,,,,,,,,,,,,,,,,,
25,6,5,28,18,7,8,17,21,24,20,,,,,,,,
7,11,,,,,,,,,,,,,,,,,
9,16,29,,,,,,,,,,,,,,,,
16,9,29,10,3,22,27,23,17,8,7,5,28,,,,,,
12,16,9,,,,,,,,,,,,,,,,
25,,,,,,,,,,,,,,,,,,
28,5,7,17,23,,,,,,,,,,,,,,
8,17,15,10,29,22,27,23,20,19,21,24,,,,,,,
9,16,29,22,27,23,20,24,21,8,17,,,,,,,,
15,10,29,22,27,23,3,,,,,,,,,,,,
17,8,7,11,,,,,,,,,,,,,,,
22,3,29,27,23,17,8,18,,,,,,,,,,,
4,2,19,24,21,20,23,27,22,29,15,,,,,,,,
27,23,17,8,18,7,28,5,6,,,,,,,,,,
25,5,28,7,24,20,23,27,22,29,9,16,,,,,,,
24,21,20,23,27,22,3,29,10,,,,,,,,,,
9,29,22,27,23,20,21,24,19,2,1,,,,,,,,
25,6,5,28,7,18,,,,,,,,,,,,,
2,19,24,21,20,23,22,29,27,,,,,,,,,,
22,23,27,29,10,3,,,,,,,,,,,,,
16,9,,,,,,,,,,,,,,,,,
2,19,24,21,20,27,23,,,,,,,,,,,,
1,2,19,24,21,20,23,27,22,29,16,9,,,,,,,
25,6,5,28,,,,,,,,,,,,,,,
11,24,21,20,,,,,,,,,,,,,,,
11,7,28,5,,,,,,,,,,,,,,,
8,17,18,7,11,,,,,,,,,,,,,,
6,5,28,7,8,17,24,21,20,,,,,,,,,,
22,3,27,23,20,21,24,19,2,4,,,,,,,,,
3,10,22,23,27,,,,,,,,,,,,,,
25,5,28,18,21,24,20,23,27,22,29,9,16,,,,,,
28,6,5,18,7,11,19,,,,,,,,,,,,
2,9,16,12,,,,,,,,,,,,,,,
16,9,29,22,27,23,15,17,8,,,,,,,,,,
6,5,28,7,21,24,19,20,23,27,22,29,3,,,,,,
5,18,7,28,,,,,,,,,,,,,,,
9,16,29,10,3,22,27,23,20,19,21,24,,,,,,,
10,3,15,,,,,,,,,,,,,,,,
2,1,19,20,21,17,,,,,,,,,,,,,
28,5,7,,,,,,,,,,,,,,,,
12,16,9,29,10,22,27,23,17,,,,,,,,,,
9,16,12,29,22,27,23,20,21,11,,,,,,,,,
4,19,24,21,7,28,5,,,,,,,,,,,,
6,5,28,7,21,24,19,2,,,,,,,,,,,
2,19,24,21,20,23,27,22,,,,,,,,,,,
24,21,20,19,2,4,,,,,,,,,,,,,
9,16,29,22,27,23,17,,,,,,,,,,,,
25,5,28,18,24,20,23,27,22,29,10,,,,,,,,
10,29,22,27,23,17,8,,,,,,,,,,,,
15,29,22,23,27,,,,,,,,,,,,,,
6,5,7,18,8,17,,,,,,,,,,,,,
7,28,5,6,25,,,,,,,,,,,,,,
27,23,20,21,24,11,7,28,5,,,,,,,,,,
1,2,19,24,21,20,23,27,22,3,10,,,,,,,,
28,6,5,18,7,,,,,,,,,,,,,,
29,3,22,27,23,20,24,21,7,6,5,28,,,,,,,
8,7,18,,,,,,,,,,,,,,,,
9,16,29,10,15,3,22,27,23,20,21,24,19,11,7,18,,,
3,,,,,,,,,,,,,,,,,,
26,,,,,,,,,,,,,,,,,,
17,23,27,29,3,22,,,,,,,,,,,,,
12,16,9,29,27,23,17,8,,,,,,,,,,,
8,18,,,,,,,,,,,,,,,,,
19,24,21,20,17,8,7,28,5,6,,,,,,,,,
26,,,,,,,,,,,,,,,,,,
25,6,28,7,11,19,20,21,24,,,,,,,,,,
29,9,16,,,,,,,,,,,,,,,,
1,2,19,24,21,20,27,23,15,22,29,9,16,,,,,,
17,21,24,19,2,1,,,,,,,,,,,,,
27,23,22,29,9,16,12,,,,,,,,,,,,
4,2,19,24,21,20,23,27,,,,,,,,,,,
27,23,17,8,,,,,,,,,,,,,,,
6,5,28,7,21,24,20,23,27,22,29,3,,,,,,,
9,16,29,22,27,23,20,21,19,2,,,,,,,,,
9,16,29,3,22,27,23,20,24,21,,,,,,,,,
20,21,11,7,8,17,,,,,,,,,,,,,
5,28,18,7,11,19,20,21,24,,,,,,,,,,
26,,,,,,,,,,,,,,,,,,
29,22,27,23,20,21,24,19,11,,,,,,,,,,
20,23,27,,,,,,,,,,,,,,,,
5,28,18,7,21,24,19,,,,,,,,,,,,
17,8,21,24,19,20,23,27,29,10,22,,,,,,,,
9,16,29,23,27,22,,,,,,,,,,,,,
18,7,8,17,23,22,3,10,15,,,,,,,,,,
9,16,29,,,,,,,,,,,,,,,,
17,23,27,22,29,15,,,,,,,,,,,,,
27,23,17,8,7,5,28,,,,,,,,,,,,
7,28,5,8,17,15,10,22,23,27,,,,,,,,,
23,27,20,21,24,19,2,1,,,,,,,,,,,
21,24,19,20,23,27,22,3,29,10,,,,,,,,,
24,21,20,19,11,7,18,,,,,,,,,,,,
1,2,19,20,21,24,,,,,,,,,,,,,
18,7,21,24,,,,,,,,,,,,,,,
29,22,27,23,20,24,21,7,28,5,6,,,,,,,,
15,10,3,22,27,23,20,21,24,19,11,7,18,8,17,,,,
1,2,4,19,20,21,24,,,,,,,,,,,,
29,22,27,23,20,21,24,19,11,7,28,5,,,,,,,
19,11,7,28,5,6,,,,,,,,,,,,,
21,,,,,,,,,,,,,,,,,,
8,17,23,27,20,19,24,21,,,,,,,,,,,
12,16,9,29,10,,,,,,,,,,,,,,
8,17,23,27,20,21,24,19,11,,,,,,,,,,
16,9,29,22,27,23,17,8,,,,,,,,,,,
9,16,29,10,3,22,27,23,20,21,24,19,,,,,,,
2,19,24,21,20,17,8,28,5,,,,,,,,,,
4,2,19,24,21,20,23,27,22,29,9,,,,,,,,
2,19,,,,,,,,,,,,,,,,,
29,10,3,22,27,23,20,,,,,,,,,,,,
11,7,5,6,25,,,,,,,,,,,,,,
16,9,29,22,27,23,20,21,24,19,11,7,,,,,,,
28,5,6,7,18,8,17,15,10,29,22,27,23,20,24,21,,,
4,1,2,19,24,21,20,23,27,22,10,3,,,,,,,
23,27,,,,,,,,,,,,,,,,,
27,23,20,21,24,19,2,1,,,,,,,,,,,
3,22,27,23,20,21,24,19,2,,,,,,,,,,
22,27,23,15,29,,,,,,,,,,,,,,
26,,,,,,,,,,,,,,,,,,
12,,,,,,,,,,,,,,,,,,
5,28,6,25,,,,,,,,,,,,,,,
11,24,21,20,27,23,,,,,,,,,,,,,
5,28,7,18,8,17,24,21,20,,,,,,,,,,
24,21,8,,,,,,,,,,,,,,,,
18,5,28,7,19,24,21,20,23,27,22,29,,,,,,,
10,29,22,27,23,20,21,24,19,11,,,,,,,,,
11,24,21,20,27,23,15,3,22,,,,,,,,,,
11,19,20,21,,,,,,,,,,,,,,,
8,7,18,,,,,,,,,,,,,,,,
18,7,11,24,21,20,23,27,22,3,10,29,9,16,,,,,
21,24,20,23,27,,,,,,,,,,,,,,
29,10,3,22,27,23,17,8,18,7,,,,,,,,,
24,21,20,19,11,7,8,17,,,,,,,,,,,
24,21,19,20,23,27,3,22,,,,,,,,,,,
23,27,22,3,10,,,,,,,,,,,,,,
9,,,,,,,,,,,,,,,,,,
28,5,7,18,8,17,,,,,,,,,,,,,
15,23,27,22,29,10,,,,,,,,,,,,,
18,5,28,7,24,20,21,,,,,,,,,,,,
26,,,,,,,,,,,,,,,,,,
6,5,28,8,17,23,27,22,29,9,16,,,,,,,,
16,9,29,22,27,23,3,,,,,,,,,,,,
23,27,20,19,24,21,,,,,,,,,,,,,
1,2,4,19,20,24,21,,,,,,,,,,,,
3,10,29,22,27,23,20,24,21,8,17,18,7,28,5,6,,,
16,,,,,,,,,,,,,,,,,,
8,18,7,5,28,,,,,,,,,,,,,,
18,7,8,17,23,27,22,3,10,,,,,,,,,,
8,17,23,27,20,21,24,19,1,2,,,,,,,,,
9,16,29,3,22,27,23,20,24,21,7,28,5,6,25,,,,
23,,,,,,,,,,,,,,,,,,
20,23,27,22,15,29,9,16,,,,,,,,,,,
25,6,5,28,7,21,20,23,27,22,29,,,,,,,,
12,16,9,29,,,,,,,,,,,,,,,
6,5,28,18,7,11,19,2,1,4,,,,,,,,,
20,21,24,23,27,22,29,9,16,,,,,,,,,,
19,20,24,21,17,8,18,7,,,,,,,,,,,
27,20,24,21,11,,,,,,,,,,,,,,
27,23,20,21,24,,,,,,,,,,,,,,
25,6,,,,,,,,,,,,,,,,,
12,29,10,,,,,,,,,,,,,,,,
17,23,27,20,21,24,19,2,1,,,,,,,,,,
10,3,22,27,23,,,,,,,,,,,,,,
4,1,2,19,20,24,21,,,,,,,,,,,,
27,23,22,29,16,9,,,,,,,,,,,,,
6,5,28,7,11,17,8,18,,,,,,,,,,,
6,5,7,21,24,20,23,27,22,15,,,,,,,,,
5,7,24,21,20,23,27,22,29,,,,,,,,,,
27,23,22,10,15,,,,,,,,,,,,,,
19,24,21,20,27,23,15,10,29,22,,,,,,,,,
3,10,29,22,27,23,20,21,24,11,7,18,28,5,25,,,,
1,2,4,,,,,,,,,,,,,,,,
25,6,5,28,7,18,8,17,21,24,19,20,,,,,,,
28,5,7,11,21,24,19,2,,,,,,,,,,,
21,24,19,11,7,18,8,17,,,,,,,,,,,
24,21,20,23,27,22,29,16,9,,,,,,,,,,
5,28,6,25,,,,,,,,,,,,,,,
19,11,7,5,28,18,8,17,,,,,,,,,,,
25,5,7,21,24,20,23,22,27,,,,,,,,,,
5,28,8,17,23,27,,,,,,,,,,,,,
3,10,29,,,,,,,,,,,,,,,,
11,7,18,,,,,,,,,,,,,,,,
18,7,8,17,20,21,24,19,2,1,,,,,,,,,
3,23,27,22,29,10,15,,,,,,,,,,,,
8,17,21,24,20,,,,,,,,,,,,,,
1,2,19,11,7,5,28,,,,,,,,,,,,
10,15,22,27,23,20,21,7,,,,,,,,,,,
24,21,20,8,17,,,,,,,,,,,,,,
4,19,11,7,28,5,6,,,,,,,,,,,,
16,9,29,22,27,23,20,24,21,7,28,5,,,,,,,
29,10,3,22,27,23,20,21,24,19,,,,,,,,,
1,2,19,24,21,20,23,27,22,3,15,,,,,,,,
22,29,10,3,23,27,,,,,,,,,,,,,
18,7,8,17,23,27,20,24,21,,,,,,,,,,
8,17,18,7,6,5,28,,,,,,,,,,,,
2,1,19,24,21,20,27,23,,,,,,,,,,,
15,10,22,23,27,,,,,,,,,,,,,,
1,2,19,11,5,28,,,,,,,,,,,,,
1,2,19,24,21,20,23,27,22,3,15,10,29,,,,,,
4,2,19,20,24,21,7,18,28,5,,,,,,,,,
18,7,11,19,24,21,20,,,,,,,,,,,,
3,22,27,20,21,24,19,4,,,,,,,,,,,
20,21,24,19,1,2,4,,,,,,,,,,,,
1,2,19,11,,,,,,,,,,,,,,,
23,27,22,3,29,10,15,,,,,,,,,,,,
2,1,19,24,21,20,23,27,22,29,16,9,,,,,,,
10,29,22,27,23,3,,,,,,,,,,,,,
15,3,22,27,23,20,24,21,7,18,28,,,,,,,,
6,28,7,21,24,20,23,27,22,29,9,16,12,,,,,,
8,7,28,5,6,25,,,,,,,,,,,,,
11,19,24,21,20,23,27,22,29,10,,,,,,,,,
3,10,29,22,27,23,20,21,24,19,7,28,5,,,,,,
29,10,15,22,27,23,20,21,11,19,,,,,,,,,
6,5,28,18,7,,,,,,,,,,,,,,
19,24,20,21,,,,,,,,,,,,,,,
22,27,23,20,24,21,,,,,,,,,,,,,
11,19,2,,,,,,,,,,,,,,,,
7,18,8,17,,,,,,,,,,,,,,,
20,21,24,19,2,1,,,,,,,,,,,,,
10,22,27,23,17,8,18,7,28,5,6,25,,,,,,,
20,21,24,19,11,7,28,5,6,,,,,,,,,,
29,22,10,,,,,,,,,,,,,,,,
29,22,27,23,17,8,,,,,,,,,,,,,
28,5,7,11,,,,,,,,,,,,,,,
25,6,5,28,18,7,,,,,,,,,,,,,
7,5,28,11,19,2,,,,,,,,,,,,,
21,24,20,27,23,15,3,29,22,,,,,,,,,,
23,27,22,29,9,,,,,,,,,,,,,,
