0,start,26,end,11
1,start,5,end,2
2,start,23,end,11
3,start,27,end,1
4,start,20,end,25
5,start,25,end,29
6,start,25,end,16
7,start,15,end,3
8,start,19,end,25
9,start,6,end,24
10,start,24,end,29
11,start,24,end,2
12,start,10,end,11
13,start,3,end,4
14,start,8,end,17
15,start,3,end,5
16,start,10,end,1
17,start,11,end,26
18,start,16,end,26
19,start,20,end,2
20,start,18,end,6
21,start,26,end,19
22,start,5,end,2
23,start,29,end,10
24,start,2,end,4
25,start,16,end,6
26,start,21,end,12
27,start,12,end,28
28,start,26,end,27
29,start,3,end,23
30,start,21,end,11
31,start,8,end,12
32,start,29,end,26
33,start,11,end,16
34,start,24,end,21
35,start,12,end,23
36,start,3,end,26
37,start,11,end,12
38,start,20,end,1
39,start,7,end,11
40,start,28,end,18
41,start,6,end,10
42,start,29,end,27
43,start,12,end,11
44,start,22,end,12
45,start,23,end,21
46,start,27,end,18
47,start,1,end,8
48,start,11,end,4
49,start,9,end,5
50,start,9,end,3
51,start,17,end,7
52,start,12,end,18
53,start,8,end,28
54,start,9,end,2
55,start,5,end,24
56,start,27,end,18
57,start,3,end,10
58,start,25,end,28
59,start,6,end,15
60,start,6,end,3
61,start,22,end,1
62,start,27,end,3
63,start,21,end,18
64,start,19,end,8
65,start,1,end,9
66,start,21,end,29
67,start,10,end,4
68,start,8,end,27
69,start,8,end,5
70,start,29,end,27
71,start,7,end,29
72,start,12,end,5
73,start,28,end,21
74,start,29,end,22
75,start,9,end,21
76,start,18,end,11
77,start,3,end,15
78,start,28,end,5
79,start,11,end,2
80,start,21,end,1
81,start,18,end,10
82,start,12,end,19
83,start,22,end,21
84,start,25,end,27
85,start,29,end,22
86,start,25,end,28
87,start,15,end,18
88,start,20,end,6
89,start,8,end,24
90,start,5,end,21
91,start,20,end,3
92,start,20,end,19
93,start,16,end,4
94,start,4,end,29
95,start,5,end,26
96,start,9,end,20
97,start,18,end,6
98,start,27,end,21
99,start,7,end,12
100,start,21,end,15
101,start,27,end,23
102,start,29,end,5
103,start,2,end,21
104,start,2,end,27
105,start,20,end,24
106,start,1,end,2
107,start,10,end,2
108,start,18,end,17
109,start,16,end,17
110,start,25,end,28
111,start,19,end,26
112,start,24,end,28
113,start,11,end,18
114,start,12,end,20
115,start,9,end,10
116,start,22,end,25
117,start,21,end,20
118,start,2,end,4
119,start,20,end,4
120,start,18,end,4
121,start,28,end,29
122,start,12,end,4
123,start,18,end,7
124,start,5,end,24
125,start,19,end,8
126,start,6,end,7
127,start,1,end,20
128,start,20,end,29
129,start,24,end,4
130,start,12,end,23
131,start,18,end,10
132,start,10,end,3
133,start,24,end,26
134,start,15,end,26
135,start,16,end,6
136,start,28,end,3
137,start,11,end,26
138,start,6,end,11
139,start,1,end,9
140,start,3,end,28
141,start,18,end,6
142,start,3,end,23
143,start,8,end,28
144,start,25,end,20
145,start,16,end,25
146,start,22,end,27
147,start,7,end,23
148,start,16,end,24
149,start,25,end,28
150,start,11,end,21
151,start,12,end,7
152,start,6,end,5
153,start,23,end,27
154,start,21,end,10
155,start,10,end,25
156,start,2,end,28
157,start,1,end,20
158,start,20,end,29
159,start,3,end,2
160,start,27,end,11
161,start,17,end,16
162,start,20,end,16
163,start,17,end,5
164,start,18,end,1
165,start,2,end,16
166,start,11,end,4
167,start,9,end,16
168,start,1,end,19
169,start,20,end,6
170,start,3,end,23
171,start,29,end,4
172,start,11,end,28
173,start,3,end,7
174,start,27,end,24
175,start,1,end,23
176,start,7,end,11
177,start,28,end,5
178,start,9,end,11
179,start,26,end,1
180,start,9,end,29
181,start,8,end,11
182,start,3,end,12
183,start,26,end,1
184,start,15,end,2
185,start,10,end,29
186,start,22,end,29
187,start,28,end,8
188,start,17,end,1
189,start,6,end,9
190,start,25,end,21
191,start,24,end,20
192,start,4,end,26
193,start,28,end,3
194,start,12,end,15
195,start,7,end,3
196,start,6,end,21
197,start,8,end,20
198,start,2,end,11
199,start,21,end,18
200,start,27,end,15
201,start,16,end,10
202,start,24,end,27
203,start,5,end,28
204,start,12,end,5
205,start,21,end,16
206,start,3,end,29
207,start,27,end,10
208,start,20,end,6
209,start,5,end,8
210,start,16,end,6
211,start,7,end,27
212,start,18,end,16
213,start,25,end,16
214,start,9,end,15
215,start,9,end,17
216,start,5,end,21
217,start,20,end,26
218,start,3,end,26
219,start,28,end,4
220,start,4,end,27
221,start,20,end,19
222,start,29,end,27
223,start,3,end,17
224,start,4,end,23
225,start,9,end,29
226,start,22,end,20
227,start,12,end,19
228,start,18,end,12
229,start,27,end,4
230,start,23,end,21
231,start,25,end,27
232,start,6,end,11
233,start,2,end,12
234,start,21,end,29
235,start,4,end,26
236,start,17,end,12
237,start,18,end,7
238,start,12,end,11
239,start,2,end,29
240,start,24,end,26
241,start,8,end,1
242,start,27,end,16
243,start,15,end,4
244,start,9,end,29
245,start,21,end,24
246,start,25,end,26
247,start,24,end,9
248,start,20,end,26
249,start,4,end,12
250,start,20,end,29
251,start,22,end,25
252,start,27,end,26
253,start,3,end,22
254,start,5,end,24
255,start,3,end,21
256,start,3,end,9
257,start,16,end,27
258,start,7,end,12
259,start,6,end,4
260,start,26,end,16
261,start,22,end,16
262,start,6,end,28
263,start,16,end,12
264,start,2,end,21
265,start,29,end,15
266,start,29,end,12
267,start,2,end,1
268,start,22,end,18
269,start,28,end,4
270,start,12,end,27
271,start,7,end,28
272,start,10,end,27
273,start,8,end,21
274,start,10,end,17
275,start,9,end,22
276,start,26,end,20
277,start,17,end,4
278,start,27,end,1
279,start,12,end,5
280,start,29,end,1
281,start,8,end,7
282,start,18,end,20
283,start,11,end,28
284,start,19,end,21
285,start,27,end,18
286,start,16,end,6
287,start,8,end,29
288,start,29,end,24
289,start,21,end,26
290,start,21,end,17
291,start,18,end,22
292,start,11,end,21
293,start,6,end,29
294,start,29,end,26
295,start,26,end,29
296,start,27,end,4
297,start,12,end,8
298,start,29,end,10
299,start,1,end,9
300,start,3,end,1
301,start,7,end,6
302,start,7,end,26
303,start,28,end,2
304,start,7,end,24
305,start,27,end,16
306,start,12,end,28
307,start,29,end,12
308,start,25,end,19
309,start,29,end,1
310,start,3,end,16
311,start,7,end,4
312,start,26,end,20
313,start,27,end,26
314,start,12,end,26
315,start,4,end,23
316,start,28,end,18
317,start,25,end,20
318,start,3,end,21
319,start,23,end,4
320,start,16,end,27
321,start,22,end,25
322,start,2,end,22
323,start,16,end,4
324,start,7,end,2
325,start,10,end,7
326,start,25,end,9
327,start,11,end,7
328,start,9,end,2
329,start,29,end,23
330,start,29,end,10
331,start,27,end,16
332,start,6,end,27
333,start,23,end,5
334,start,6,end,26
335,start,17,end,21
336,start,28,end,5
337,start,16,end,15
338,start,16,end,8
339,start,27,end,19
340,start,20,end,23
341,start,26,end,23
342,start,2,end,10
343,start,26,end,8
344,start,4,end,18
345,start,8,end,2
346,start,20,end,10
347,start,15,end,21
348,start,19,end,26
349,start,17,end,16
350,start,1,end,16
351,start,12,end,3
352,start,9,end,8
353,start,25,end,5
354,start,15,end,20
355,start,24,end,11
356,start,7,end,17
357,start,7,end,6
358,start,5,end,22
359,start,24,end,19
360,start,23,end,20
361,start,24,end,23
362,start,25,end,28
363,start,4,end,12
364,start,18,end,3
365,start,29,end,10
366,start,3,end,6
367,start,16,end,8
368,start,16,end,21
369,start,27,end,18
370,start,4,end,18
371,start,19,end,11
372,start,17,end,19
373,start,6,end,26
374,start,27,end,5
375,start,1,end,22
376,start,8,end,5
377,start,22,end,20
378,start,24,end,4
379,start,26,end,16
380,start,2,end,28
381,start,12,end,29
382,start,5,end,4
383,start,18,end,10
384,start,23,end,7
385,start,26,end,5
386,start,4,end,20
387,start,20,end,19
388,start,6,end,20
389,start,22,end,9
390,start,10,end,12
391,start,16,end,22
392,start,8,end,17
393,start,9,end,24
394,start,22,end,24
395,start,12,end,10
396,start,21,end,18
397,start,12,end,18
398,start,11,end,19
399,start,23,end,2
400,start,2,end,22
401,start,22,end,6
402,start,12,end,16
403,start,24,end,26
404,start,26,end,17
405,start,21,end,2
406,start,5,end,23
407,start,17,end,19
408,start,6,end,15
409,start,12,end,15
410,start,21,end,26
411,start,15,end,23
412,start,9,end,22
413,start,17,end,5
414,start,2,end,25
415,start,15,end,12
416,start,20,end,17
417,start,10,end,6
418,start,4,end,15
419,start,16,end,21
420,start,4,end,18
421,start,12,end,4
422,start,15,end,6
423,start,24,end,23
424,start,2,end,5
425,start,24,end,4
426,start,28,end,25
427,start,18,end,19
428,start,27,end,22
429,start,20,end,4
430,start,29,end,5
431,start,2,end,11
432,start,8,end,22
433,start,6,end,15
434,start,11,end,3
435,start,27,end,18
436,start,6,end,22
437,start,27,end,22
438,start,10,end,27
439,start,24,end,25
440,start,17,end,18
441,start,7,end,8
442,start,6,end,25
443,start,12,end,11
444,start,16,end,17
445,start,10,end,6
446,start,24,end,7
447,start,19,end,5
448,start,23,end,22
449,start,23,end,10
450,start,18,end,23
451,start,26,end,27
452,start,3,end,17
453,start,9,end,17
454,start,28,end,26
455,start,5,end,6
456,start,4,end,23
457,start,20,end,11
458,start,15,end,25
459,start,24,end,16
460,start,1,end,16
461,start,29,end,2
462,start,18,end,5
463,start,18,end,2
464,start,15,end,10
465,start,4,end,23
466,start,11,end,6
467,start,17,end,10
468,start,4,end,19
469,start,15,end,17
470,start,6,end,3
471,start,1,end,29
472,start,4,end,15
473,start,8,end,10
474,start,1,end,18
475,start,3,end,19
476,start,29,end,5
477,start,10,end,4
478,start,17,end,1
479,start,28,end,7
480,start,15,end,19
481,start,11,end,9
482,start,23,end,25
483,start,12,end,29
484,start,7,end,2
485,start,10,end,16
486,start,8,end,26
487,start,4,end,1
488,start,27,end,19
489,start,20,end,9
490,start,16,end,22
491,start,22,end,26
492,start,5,end,4
493,start,7,end,26
494,start,28,end,20
495,start,16,end,2
496,start,9,end,23
497,start,20,end,16
498,start,6,end,19
499,start,9,end,3
500,start,9,end,1
501,start,12,end,2
502,start,23,end,19
503,start,20,end,4
504,start,21,end,25
505,start,3,end,9
506,start,6,end,4
507,start,19,end,25
508,start,5,end,29
509,start,9,end,7
510,start,20,end,22
511,start,1,end,2
512,start,5,end,9
513,start,28,end,20
514,start,16,end,19
515,start,27,end,8
516,start,19,end,23
517,start,9,end,20
518,start,18,end,9
519,start,28,end,18
520,start,16,end,20
521,start,29,end,11
522,start,4,end,20
523,start,29,end,2
524,start,19,end,24
525,start,11,end,24
526,start,16,end,25
527,start,5,end,4
528,start,8,end,19
529,start,15,end,22
530,start,28,end,20
531,start,25,end,28
532,start,29,end,10
533,start,6,end,2
534,start,21,end,4
535,start,23,end,26
536,start,28,end,10
537,start,27,end,16
538,start,11,end,12
539,start,20,end,22
540,start,3,end,18
541,start,22,end,11
542,start,29,end,26
543,start,15,end,23
544,start,16,end,19
545,start,22,end,26
546,start,16,end,17
547,start,6,end,26
548,start,4,end,19
549,start,8,end,3
550,start,9,end,20
551,start,5,end,19
552,start,15,end,21
553,start,7,end,12
554,start,5,end,27
555,start,10,end,4
556,start,29,end,1
557,start,4,end,25
558,start,28,end,11
559,start,12,end,26
560,start,11,end,2
561,start,8,end,17
562,start,12,end,9
563,start,24,end,9
564,start,19,end,25
565,start,25,end,26
566,start,4,end,8
567,start,2,end,24
568,start,16,end,8
569,start,10,end,1
570,start,19,end,7
571,start,21,end,19
572,start,19,end,15
573,start,8,end,21
574,start,25,end,21
575,start,23,end,19
576,start,22,end,8
577,start,11,end,16
578,start,11,end,22
579,start,8,end,7
580,start,27,end,11
581,start,3,end,26
582,start,8,end,2
583,start,11,end,8
584,start,10,end,24
585,start,19,end,6
586,start,27,end,29
587,start,5,end,11
588,start,20,end,1
589,start,26,end,16
590,start,11,end,7
591,start,26,end,27
592,start,4,end,12
593,start,19,end,3
594,start,24,end,9
595,start,12,end,18
596,start,26,end,18
597,start,29,end,11
598,start,3,end,8
599,start,23,end,3
600,start,2,end,28
601,start,12,end,10
602,start,8,end,24
603,start,4,end,20
604,start,7,end,18
605,start,17,end,22
606,start,22,end,6
607,start,17,end,25
608,start,3,end,6
609,start,5,end,2
610,start,3,end,27
611,start,18,end,29
612,start,24,end,25
613,start,26,end,9
614,start,24,end,26
615,start,21,end,4
616,start,6,end,19
617,start,5,end,4
618,start,6,end,9
619,start,3,end,6
620,start,3,end,10
621,start,5,end,4
622,start,20,end,9
623,start,18,end,11
624,start,3,end,28
625,start,12,end,3
626,start,11,end,17
627,start,15,end,29
628,start,7,end,6
629,start,9,end,4
630,start,26,end,5
631,start,29,end,7
632,start,8,end,28
633,start,7,end,12
634,start,6,end,23
635,start,28,end,8
636,start,22,end,3
637,start,26,end,11
638,start,22,end,11
639,start,25,end,2
640,start,20,end,3
641,start,12,end,20
642,start,17,end,20
643,start,18,end,20
644,start,21,end,19
645,start,15,end,9
646,start,2,end,29
647,start,10,end,26
648,start,7,end,25
649,start,11,end,22
650,start,9,end,5
651,start,15,end,22
652,start,1,end,16
653,start,24,end,6
654,start,25,end,28
655,start,18,end,10
656,start,23,end,21
657,start,29,end,10
658,start,12,end,2
659,start,10,end,8
660,start,29,end,18
661,start,28,end,29
662,start,25,end,19
663,start,18,end,25
664,start,24,end,7
665,start,20,end,22
666,start,1,end,29
667,start,1,end,18
668,start,5,end,10
669,start,8,end,18
670,start,11,end,15
671,start,2,end,16
672,start,27,end,15
673,start,24,end,27
674,start,23,end,16
675,start,2,end,18
676,start,7,end,19
677,start,5,end,16
678,start,4,end,11
679,start,7,end,24
680,start,27,end,4
681,start,15,end,1
682,start,18,end,21
683,start,23,end,12
684,start,22,end,6
685,start,6,end,15
686,start,2,end,9
687,start,3,end,5
688,start,21,end,6
689,start,11,end,10
690,start,11,end,20
691,start,17,end,22
692,start,24,end,15
693,start,2,end,29
694,start,4,end,25
695,start,28,end,3
696,start,19,end,11
697,start,28,end,11
698,start,1,end,2
699,start,12,end,15
700,start,17,end,11
701,start,11,end,6
702,start,23,end,2
703,start,6,end,24
704,start,10,end,16
705,start,12,end,26
706,start,3,end,1
707,start,26,end,27
708,start,21,end,28
709,start,9,end,10
710,start,26,end,20
711,start,7,end,29
712,start,12,end,29
713,start,19,end,12
714,start,11,end,1
715,start,11,end,25
716,start,26,end,6
717,start,7,end,10
718,start,18,end,23
719,start,5,end,21
720,start,2,end,19
721,start,8,end,20
722,start,25,end,7
723,start,19,end,28
724,start,20,end,16
725,start,9,end,2
726,start,29,end,17
727,start,16,end,18
728,start,9,end,7
729,start,21,end,27
730,start,6,end,16
731,start,24,end,8
732,start,16,end,25
733,start,4,end,16
734,start,9,end,6
735,start,29,end,11
736,start,9,end,8
737,start,4,end,19
738,start,5,end,2
739,start,20,end,26
740,start,3,end,10
741,start,22,end,7
742,start,7,end,17
743,start,3,end,21
744,start,25,end,4
745,start,6,end,16
746,start,29,end,22
747,start,26,end,2
748,start,20,end,21
749,start,3,end,2
750,start,4,end,27
751,start,29,end,23
752,start,29,end,7
753,start,28,end,5
754,start,9,end,21
755,start,7,end,17
756,start,16,end,11
757,start,25,end,21
758,start,26,end,23
759,start,6,end,9
760,start,8,end,17
761,start,12,end,23
762,start,7,end,29
763,start,19,end,6
764,start,8,end,18
765,start,2,end,10
766,start,26,end,2
767,start,8,end,27
768,start,27,end,21
769,start,5,end,10
770,start,15,end,8
771,start,5,end,10
772,start,16,end,20
773,start,28,end,24
774,start,6,end,26
775,start,8,end,28
776,start,22,end,17
777,start,21,end,18
778,start,5,end,6
779,start,3,end,18
780,start,21,end,12
781,start,8,end,19
782,start,2,end,15
783,start,6,end,5
784,start,21,end,18
785,start,22,end,29
786,start,25,end,2
787,start,6,end,1
788,start,25,end,2
789,start,24,end,29
790,start,29,end,19
791,start,20,end,12
792,start,1,end,22
793,start,25,end,19
794,start,26,end,24
795,start,18,end,6
796,start,1,end,11
797,start,24,end,10
798,start,9,end,12
799,start,26,end,10
800,start,26,end,2
801,start,18,end,19
802,start,16,end,25
803,start,17,end,27
804,start,4,end,3
805,start,18,end,5
806,start,9,end,6
807,start,4,end,18
808,start,21,end,17
809,start,2,end,5
810,start,20,end,15
811,start,15,end,27
812,start,19,end,2
813,start,19,end,27
814,start,29,end,12
815,start,11,end,5
816,start,28,end,7
817,start,1,end,2
818,start,23,end,6
819,start,12,end,4
820,start,22,end,21
821,start,15,end,3
822,start,7,end,24
823,start,6,end,10
824,start,26,end,23
825,start,24,end,28
826,start,11,end,18
827,start,6,end,7
828,start,12,end,3
829,start,16,end,18
830,start,8,end,4
831,start,23,end,12
832,start,18,end,19
833,start,19,end,2
834,start,21,end,24
835,start,9,end,25
836,start,25,end,20
837,start,25,end,15
838,start,6,end,24
839,start,6,end,4
840,start,22,end,7
841,start,11,end,2
842,start,5,end,2
843,start,2,end,18
844,start,5,end,10
845,start,18,end,6
846,start,9,end,11
847,start,26,end,15
848,start,15,end,29
849,start,15,end,2
850,start,16,end,2
851,start,29,end,19
852,start,21,end,23
853,start,22,end,1
854,start,2,end,19
855,start,6,end,1
856,start,12,end,7
857,start,25,end,2
858,start,2,end,12
859,start,6,end,20
860,start,15,end,26
861,start,24,end,15
862,start,22,end,16
863,start,19,end,24
864,start,3,end,17
865,start,11,end,9
866,start,22,end,11
867,start,5,end,2
868,start,3,end,16
869,start,17,end,21
870,start,4,end,21
871,start,26,end,6
872,start,23,end,10
873,start,26,end,21
874,start,3,end,29
875,start,8,end,4
876,start,19,end,6
877,start,15,end,8
878,start,7,end,23
879,start,25,end,17
880,start,22,end,27
881,start,24,end,19
882,start,16,end,26
883,start,29,end,1
884,start,25,end,3
885,start,12,end,8
886,start,12,end,28
887,start,25,end,3
888,start,21,end,22
889,start,29,end,7
890,start,12,end,23
891,start,25,end,27
892,start,16,end,9
893,start,26,end,24
894,start,8,end,4
895,start,9,end,11
896,start,6,end,17
897,start,26,end,22
898,start,17,end,8
899,start,15,end,27
900,start,27,end,19
901,start,6,end,18
902,start,18,end,1
903,start,25,end,8
904,start,9,end,15
905,start,7,end,23
906,start,11,end,2
907,start,22,end,28
908,start,25,end,6
909,start,9,end,4
910,start,2,end,7
911,start,8,end,10
912,start,11,end,20
913,start,2,end,1
914,start,15,end,27
915,start,19,end,26
916,start,20,end,21
917,start,8,end,27
918,start,6,end,17
919,start,22,end,9
920,start,5,end,19
921,start,7,end,20
922,start,2,end,6
923,start,17,end,22
924,start,12,end,28
925,start,8,end,19
926,start,1,end,11
927,start,21,end,9
928,start,22,end,11
929,start,18,end,26
930,start,28,end,23
931,start,9,end,22
932,start,19,end,17
933,start,1,end,18
934,start,20,end,23
935,start,23,end,28
936,start,4,end,8
937,start,9,end,2
938,start,1,end,24
939,start,26,end,9
940,start,29,end,1
941,start,10,end,21
942,start,24,end,28
943,start,7,end,25
944,start,19,end,20
945,start,25,end,21
946,start,22,end,19
947,start,22,end,10
948,start,23,end,9
949,start,12,end,15
950,start,22,end,8
951,start,7,end,6
952,start,29,end,5
953,start,27,end,1
954,start,9,end,27
955,start,6,end,8
956,start,26,end,16
957,start,27,end,29
958,start,20,end,29
959,start,11,end,1
960,start,4,end,10
961,start,20,end,18
962,start,5,end,27
963,start,25,end,9
964,start,6,end,8
965,start,27,end,23
966,start,6,end,27
967,start,8,end,12
968,start,25,end,10
969,start,24,end,5
970,start,27,end,2
971,start,8,end,9
972,start,5,end,11
973,start,26,end,21
974,start,19,end,27
975,start,11,end,7
976,start,16,end,7
977,start,27,end,1
978,start,16,end,18
979,start,17,end,27
980,start,17,end,22
981,start,24,end,15
982,start,4,end,26
983,start,15,end,1
984,start,5,end,22
985,start,29,end,10
986,start,12,end,28
987,start,12,end,3
988,start,9,end,10
989,start,8,end,29
990,start,5,end,16
991,start,23,end,9
992,start,2,end,26
993,start,9,end,2
994,start,19,end,3
995,start,9,end,26
996,start,15,end,10
997,start,25,end,20
998,start,24,end,15
999,start,25,end,20
1000,start,29,end,2
1001,start,23,end,6
1002,start,19,end,2
1003,start,17,end,5
1004,start,28,end,11
1005,start,26,end,25
1006,start,4,end,8
1007,start,16,end,10
1008,start,4,end,12
1009,start,23,end,15
1010,start,16,end,29
1011,start,19,end,18
1012,start,2,end,28
1013,start,29,end,27
1014,start,18,end,3
1015,start,6,end,28
1016,start,2,end,29
1017,start,22,end,7
1018,start,9,end,11
1019,start,21,end,15
1020,start,26,end,2
1021,start,21,end,17
1022,start,23,end,18
1023,start,7,end,9
1024,start,23,end,19
1025,start,29,end,19
1026,start,2,end,10
1027,start,5,end,26
1028,start,29,end,24
1029,start,7,end,4
1030,start,6,end,1
1031,start,18,end,28
1032,start,10,end,21
1033,start,16,end,7
1034,start,12,end,19
1035,start,25,end,4
1036,start,23,end,11
1037,start,15,end,27
1038,start,5,end,15
1039,start,15,end,26
1040,start,5,end,29
1041,start,26,end,9
1042,start,21,end,20
1043,start,5,end,27
1044,start,27,end,24
1045,start,4,end,3
1046,start,15,end,10
1047,start,11,end,8
1048,start,15,end,10
1049,start,6,end,28
1050,start,8,end,5
1051,start,8,end,16
1052,start,1,end,29
1053,start,6,end,11
1054,start,2,end,20
1055,start,20,end,12
1056,start,3,end,17
1057,start,28,end,11
1058,start,18,end,26
1059,start,5,end,2
1060,start,29,end,21
1061,start,19,end,29
1062,start,21,end,5
1063,start,25,end,27
1064,start,15,end,29
1065,start,6,end,29
1066,start,24,end,18
1067,start,7,end,22
1068,start,21,end,15
1069,start,28,end,2
1070,start,29,end,1
1071,start,28,end,5
1072,start,18,end,3
1073,start,2,end,17
1074,start,19,end,1
1075,start,10,end,29
1076,start,10,end,23
1077,start,16,end,27
1078,start,5,end,3
1079,start,6,end,15
1080,start,18,end,9
1081,start,4,end,15
1082,start,6,end,4
1083,start,28,end,27
1084,start,6,end,27
1085,start,27,end,25
1086,start,24,end,23
1087,start,23,end,8
1088,start,29,end,21
1089,start,27,end,3
1090,start,16,end,19
1091,start,16,end,8
1092,start,12,end,25
1093,start,21,end,22
1094,start,10,end,1
1095,start,7,end,10
1096,start,28,end,26
1097,start,6,end,28
1098,start,4,end,27
1099,start,18,end,9
1100,start,1,end,6
1101,start,18,end,28
1102,start,20,end,29
1103,start,20,end,18
1104,start,5,end,23
1105,start,20,end,12
1106,start,19,end,2
1107,start,29,end,20
1108,start,24,end,10
1109,start,16,end,23
1110,start,25,end,27
1111,start,27,end,8
1112,start,26,end,1
1113,start,21,end,29
1114,start,6,end,29
1115,start,10,end,20
1116,start,8,end,15
1117,start,3,end,22
1118,start,6,end,19
1119,start,5,end,7
1120,start,4,end,25
1121,start,17,end,6
1122,start,12,end,4
1123,start,24,end,18
1124,start,6,end,10
1125,start,23,end,15
1126,start,17,end,12
1127,start,12,end,22
1128,start,3,end,26
1129,start,1,end,16
1130,start,20,end,21
1131,start,11,end,20
1132,start,9,end,24
1133,start,8,end,15
1134,start,22,end,17
1135,start,2,end,3
1136,start,18,end,6
1137,start,5,end,11
1138,start,23,end,24
1139,start,23,end,7
1140,start,5,end,12
1141,start,17,end,16
1142,start,20,end,8
1143,start,12,end,9
1144,start,20,end,23
1145,start,23,end,8
1146,start,19,end,5
1147,start,3,end,29
1148,start,26,end,23
1149,start,23,end,6
1150,start,10,end,27
1151,start,12,end,10
1152,start,21,end,15
1153,start,8,end,23
1154,start,4,end,21
1155,start,1,end,12
1156,start,2,end,6
1157,start,21,end,4
1158,start,18,end,10
1159,start,16,end,1
1160,start,23,end,10
1161,start,10,end,4
1162,start,25,end,15
1163,start,3,end,8
1164,start,20,end,22
1165,start,6,end,17
1166,start,3,end,5
1167,start,28,end,8
1168,start,7,end,12
1169,start,1,end,27
1170,start,3,end,12
1171,start,22,end,27
1172,start,18,end,11
1173,start,10,end,3
1174,start,2,end,12
1175,start,16,end,27
1176,start,26,end,23
1177,start,29,end,7
1178,start,16,end,6
1179,start,1,end,26
1180,start,22,end,17
1181,start,24,end,26
1182,start,1,end,6
1183,start,8,end,23
1184,start,3,end,4
1185,start,18,end,10
1186,start,17,end,5
1187,start,8,end,3
1188,start,12,end,21
1189,start,5,end,28
1190,start,27,end,6
1191,start,8,end,6
1192,start,20,end,26
1193,start,24,end,4
1194,start,11,end,18
1195,start,2,end,26
1196,start,22,end,3
1197,start,11,end,1
1198,start,4,end,20
1199,start,10,end,23
1200,start,17,end,20
1201,start,5,end,28
1202,start,5,end,3
1203,start,18,end,3
1204,start,8,end,2
1205,start,26,end,20
1206,start,17,end,20
1207,start,10,end,29
1208,start,8,end,15
1209,start,4,end,6
1210,start,11,end,16
1211,start,26,end,6
1212,start,22,end,24
1213,start,3,end,4
1214,start,7,end,6
1215,start,7,end,17
1216,start,25,end,9
1217,start,9,end,20
1218,start,18,end,15
1219,start,1,end,27
1220,start,3,end,21
1221,start,7,end,22
1222,start,16,end,17
1223,start,25,end,6
1224,start,23,end,24
1225,start,4,end,22
1226,start,3,end,6
1227,start,9,end,7
1228,start,24,end,3
1229,start,17,end,5
1230,start,20,end,24
1231,start,29,end,17
1232,start,8,end,12
1233,start,26,end,28
1234,start,18,end,28
1235,start,5,end,9
1236,start,16,end,1
1237,start,16,end,22
1238,start,2,end,25
1239,start,3,end,17
1240,start,26,end,2
1241,start,28,end,27
1242,start,28,end,5
1243,start,5,end,25
1244,start,7,end,5
1245,start,1,end,4
1246,start,17,end,12
1247,start,11,end,17
1248,start,4,end,24
1249,start,20,end,9
1250,start,4,end,11
1251,start,23,end,12
1252,start,12,end,19
1253,start,23,end,29
1254,start,27,end,19
1255,start,5,end,7
1256,start,16,end,3
1257,start,2,end,6
1258,start,1,end,11
1259,start,23,end,10
1260,start,10,end,16
1261,start,11,end,20
1262,start,10,end,20
1263,start,29,end,16
1264,start,11,end,24
1265,start,4,end,3
1266,start,12,end,18
1267,start,10,end,9
1268,start,3,end,8
1269,start,21,end,24
1270,start,12,end,2
1271,start,6,end,10
1272,start,1,end,15
1273,start,17,end,25
1274,start,25,end,12
1275,start,27,end,28
1276,start,26,end,7
1277,start,8,end,16
1278,start,18,end,22
1279,start,23,end,24
1280,start,10,end,6
1281,start,23,end,11
1282,start,27,end,26
1283,start,29,end,19
1284,start,15,end,8
1285,start,21,end,9
1286,start,28,end,29
1287,start,15,end,12
1288,start,20,end,27
1289,start,9,end,6
1290,start,22,end,9
1291,start,8,end,17
1292,start,20,end,3
1293,start,3,end,15
1294,start,15,end,24
1295,start,2,end,5
1296,start,16,end,1
1297,start,20,end,10
1298,start,6,end,18
1299,start,16,end,3
1300,start,15,end,28
1301,start,1,end,11
1302,start,1,end,26
1303,start,16,end,3
1304,start,21,end,26
1305,start,27,end,7
1306,start,23,end,6
1307,start,22,end,24
1308,start,12,end,17
1309,start,9,end,17
1310,start,10,end,11
1311,start,5,end,9
1312,start,25,end,16
1313,start,25,end,5
1314,start,25,end,20
1315,start,20,end,6
1316,start,18,end,25
1317,start,24,end,9
1318,start,24,end,15
1319,start,10,end,23
1320,start,16,end,10
1321,start,7,end,23
1322,start,21,end,24
1323,start,9,end,26
1324,start,29,end,4
1325,start,16,end,2
1326,start,23,end,25
1327,start,26,end,8
1328,start,2,end,18
1329,start,18,end,15
1330,start,7,end,19
1331,start,2,end,24
1332,start,19,end,1
1333,start,27,end,2
1334,start,7,end,19
1335,start,27,end,15
1336,start,10,end,8
1337,start,12,end,25
1338,start,22,end,10
1339,start,12,end,24
1340,start,27,end,1
1341,start,3,end,22
1342,start,28,end,16
1343,start,20,end,18
1344,start,25,end,7
1345,start,27,end,24
1346,start,15,end,23
1347,start,11,end,27
1348,start,9,end,16
1349,start,17,end,12
1350,start,16,end,2
1351,start,5,end,19
1352,start,22,end,20
1353,start,20,end,9
1354,start,15,end,3
1355,start,5,end,27
1356,start,18,end,25
1357,start,18,end,24
1358,start,25,end,23
1359,start,2,end,26
1360,start,1,end,12
1361,start,24,end,12
1362,start,5,end,19
1363,start,20,end,27
1364,start,17,end,10
1365,start,23,end,16
1366,start,1,end,23
1367,start,18,end,2
1368,start,1,end,28
1369,start,17,end,9
1370,start,2,end,11
1371,start,4,end,7
1372,start,29,end,2
1373,start,19,end,23
1374,start,19,end,15
1375,start,12,end,17
1376,start,4,end,7
1377,start,29,end,12
1378,start,11,end,4
1379,start,29,end,28
1380,start,15,end,12
1381,start,16,end,29
1382,start,6,end,15
1383,start,21,end,7
1384,start,20,end,4
1385,start,21,end,16
1386,start,26,end,22
1387,start,16,end,25
1388,start,29,end,2
1389,start,2,end,6
1390,start,16,end,27
1391,start,7,end,5
1392,start,9,end,10
1393,start,25,end,9
1394,start,2,end,22
1395,start,4,end,26
1396,start,17,end,27
1397,start,25,end,24
1398,start,28,end,24
1399,start,21,end,25
1400,start,6,end,8
1401,start,21,end,11
1402,start,23,end,11
1403,start,8,end,4
1404,start,2,end,12
1405,start,26,end,29
1406,start,16,end,22
1407,start,18,end,21
1408,start,1,end,2
1409,start,10,end,8
1410,start,6,end,8
1411,start,7,end,28
1412,start,28,end,6
1413,start,4,end,27
1414,start,25,end,1
1415,start,9,end,10
1416,start,16,end,21
1417,start,15,end,23
1418,start,3,end,9
1419,start,9,end,10
1420,start,1,end,26
1421,start,19,end,28
1422,start,2,end,18
1423,start,25,end,16
1424,start,16,end,25
1425,start,9,end,3
1426,start,23,end,24
1427,start,23,end,8
1428,start,27,end,15
1429,start,5,end,6
1430,start,23,end,28
1431,start,11,end,26
1432,start,22,end,8
1433,start,23,end,28
1434,start,24,end,25
1435,start,19,end,22
1436,start,24,end,5
1437,start,18,end,29
1438,start,21,end,24
1439,start,20,end,21
1440,start,23,end,10
1441,start,5,end,3
1442,start,21,end,24
1443,start,19,end,28
1444,start,15,end,25
1445,start,25,end,19
1446,start,10,end,5
1447,start,22,end,8
1448,start,11,end,4
1449,start,9,end,4
1450,start,6,end,8
1451,start,28,end,12
1452,start,17,end,24
1453,start,6,end,24
1454,start,3,end,16
1455,start,29,end,25
1456,start,26,end,7
1457,start,26,end,25
1458,start,25,end,9
1459,start,10,end,1
1460,start,11,end,5
1461,start,10,end,9
1462,start,2,end,9
1463,start,10,end,27
1464,start,16,end,18
1465,start,23,end,18
1466,start,2,end,12
1467,start,1,end,10
1468,start,10,end,27
1469,start,17,end,5
1470,start,24,end,23
1471,start,6,end,7
1472,start,3,end,20
1473,start,24,end,19
1474,start,12,end,21
1475,start,4,end,9
1476,start,2,end,23
1477,start,20,end,17
1478,start,26,end,19
1479,start,23,end,17
1480,start,21,end,16
1481,start,2,end,1
1482,start,8,end,21
1483,start,18,end,24
1484,start,10,end,9
1485,start,21,end,3
1486,start,29,end,2
1487,start,12,end,8
1488,start,9,end,7
1489,start,25,end,17
1490,start,29,end,10
1491,start,23,end,27
1492,start,1,end,18
1493,start,3,end,1
1494,start,8,end,15
1495,start,21,end,9
1496,start,10,end,12
1497,start,15,end,20
1498,start,16,end,15
1499,start,17,end,7
1500,start,22,end,10
1501,start,17,end,22
1502,start,19,end,20
1503,start,3,end,20
1504,start,11,end,2
1505,start,23,end,26
1506,start,15,end,19
1507,start,5,end,26
1508,start,16,end,25
1509,start,15,end,29
1510,start,9,end,29
1511,start,18,end,7
1512,start,1,end,29
1513,start,5,end,19
1514,start,18,end,19
1515,start,20,end,2
1516,start,22,end,1
1517,start,1,end,7
1518,start,6,end,12
1519,start,9,end,16
1520,start,15,end,9
1521,start,26,end,25
1522,start,22,end,18
1523,start,7,end,4
1524,start,20,end,8
1525,start,27,end,3
1526,start,27,end,12
1527,start,5,end,16
1528,start,12,end,8
1529,start,25,end,12
1530,start,29,end,21
1531,start,4,end,3
1532,start,9,end,8
1533,start,21,end,27
1534,start,11,end,5
1535,start,18,end,11
1536,start,27,end,29
1537,start,27,end,26
1538,start,16,end,18
1539,start,11,end,27
1540,start,17,end,18
1541,start,5,end,26
1542,start,27,end,9
1543,start,29,end,24
1544,start,6,end,11
1545,start,23,end,9
1546,start,18,end,22
1547,start,20,end,27
1548,start,9,end,10
1549,start,25,end,29
1550,start,6,end,10
1551,start,9,end,5
1552,start,19,end,23
1553,start,8,end,4
1554,start,3,end,28
1555,start,5,end,17
1556,start,2,end,19
1557,start,18,end,28
1558,start,1,end,8
1559,start,27,end,21
1560,start,7,end,8
1561,start,21,end,6
1562,start,4,end,20
1563,start,26,end,21
1564,start,28,end,19
1565,start,4,end,6
1566,start,11,end,3
1567,start,12,end,18
1568,start,6,end,12
1569,start,28,end,2
1570,start,29,end,19
1571,start,28,end,2
1572,start,10,end,24
1573,start,16,end,1
1574,start,21,end,29
1575,start,24,end,9
1576,start,12,end,18
1577,start,27,end,25
1578,start,16,end,17
1579,start,3,end,21
1580,start,16,end,2
1581,start,3,end,28
1582,start,6,end,4
1583,start,18,end,28
1584,start,27,end,23
1585,start,10,end,25
1586,start,11,end,4
1587,start,29,end,10
1588,start,12,end,23
1589,start,6,end,12
1590,start,3,end,22
1591,start,4,end,26
1592,start,9,end,12
1593,start,6,end,18
1594,start,28,end,21
1595,start,28,end,26
1596,start,26,end,8
1597,start,26,end,3
1598,start,24,end,16
1599,start,29,end,8
1600,start,16,end,20
1601,start,25,end,20
1602,start,12,end,16
1603,start,1,end,26
1604,start,21,end,4
1605,start,29,end,16
1606,start,8,end,24
1607,start,12,end,25
1608,start,29,end,4
1609,start,28,end,12
1610,start,27,end,23
1611,start,22,end,6
1612,start,26,end,1
1613,start,23,end,17
1614,start,8,end,12
1615,start,20,end,17
1616,start,8,end,12
1617,start,21,end,29
1618,start,7,end,19
1619,start,21,end,20
1620,start,10,end,27
1621,start,4,end,22
1622,start,7,end,16
1623,start,10,end,16
1624,start,2,end,3
1625,start,26,end,24
1626,start,26,end,10
1627,start,20,end,1
1628,start,25,end,17
1629,start,24,end,23
1630,start,17,end,26
1631,start,12,end,18
1632,start,5,end,10
1633,start,8,end,11
1634,start,11,end,6
1635,start,9,end,6
1636,start,26,end,15
1637,start,27,end,1
1638,start,11,end,16
1639,start,27,end,20
1640,start,17,end,4
1641,start,5,end,29
1642,start,17,end,19
1643,start,6,end,21
1644,start,11,end,12
1645,start,21,end,12
1646,start,2,end,7
1647,start,4,end,17
1648,start,8,end,7
1649,start,17,end,27
1650,start,28,end,23
1651,start,28,end,26
1652,start,19,end,9
1653,start,20,end,1
1654,start,29,end,2
1655,start,17,end,6
1656,start,12,end,15
1657,start,21,end,27
1658,start,16,end,5
1659,start,5,end,17
1660,start,28,end,7
1661,start,10,end,27
1662,start,4,end,29
1663,start,26,end,17
1664,start,27,end,25
1665,start,8,end,25
1666,start,15,end,27
1667,start,20,end,17
1668,start,24,end,7
1669,start,28,end,6
1670,start,11,end,28
1671,start,21,end,28
1672,start,8,end,7
1673,start,15,end,25
1674,start,21,end,3
1675,start,15,end,6
1676,start,17,end,11
1677,start,19,end,21
1678,start,25,end,21
1679,start,2,end,15
1680,start,15,end,6
1681,start,21,end,25
1682,start,24,end,10
1683,start,18,end,16
1684,start,17,end,22
1685,start,24,end,23
1686,start,2,end,9
1687,start,22,end,12
1688,start,27,end,16
1689,start,18,end,3
1690,start,22,end,26
1691,start,26,end,7
1692,start,20,end,12
1693,start,5,end,10
1694,start,21,end,1
1695,start,24,end,23
1696,start,23,end,1
1697,start,24,end,28
1698,start,15,end,21
1699,start,27,end,16
1700,start,23,end,25
1701,start,16,end,7
1702,start,8,end,12
1703,start,6,end,25
1704,start,26,end,27
1705,start,17,end,10
1706,start,18,end,4
1707,start,26,end,11
1708,start,26,end,12
1709,start,17,end,21
1710,start,29,end,20
1711,start,15,end,25
1712,start,3,end,21
1713,start,10,end,28
1714,start,18,end,21
1715,start,15,end,11
1716,start,26,end,28
1717,start,15,end,10
1718,start,28,end,23
1719,start,9,end,18
1720,start,5,end,17
1721,start,9,end,1
1722,start,8,end,17
1723,start,1,end,24
1724,start,27,end,5
1725,start,9,end,7
1726,start,27,end,4
1727,start,2,end,7
1728,start,27,end,28
1729,start,17,end,12
1730,start,1,end,21
1731,start,21,end,8
1732,start,16,end,18
1733,start,23,end,12
1734,start,21,end,6
1735,start,20,end,10
1736,start,26,end,7
1737,start,9,end,5
1738,start,17,end,12
1739,start,6,end,10
1740,start,23,end,1
1741,start,6,end,29
1742,start,27,end,18
1743,start,6,end,11
1744,start,23,end,4
1745,start,26,end,10
1746,start,11,end,27
1747,start,26,end,9
1748,start,28,end,4
1749,start,26,end,2
1750,start,24,end,1
1751,start,15,end,20
1752,start,24,end,12
1753,start,17,end,15
1754,start,3,end,11
1755,start,27,end,18
1756,start,8,end,2
1757,start,4,end,9
1758,start,17,end,9
1759,start,4,end,29
1760,start,16,end,26
1761,start,6,end,7
1762,start,7,end,9
1763,start,25,end,26
1764,start,28,end,23
1765,start,23,end,5
1766,start,4,end,17
1767,start,2,end,10
1768,start,27,end,12
1769,start,24,end,20
1770,start,29,end,10
1771,start,11,end,19
1772,start,4,end,11
1773,start,24,end,12
1774,start,9,end,29
1775,start,11,end,23
1776,start,7,end,24
1777,start,18,end,23
1778,start,8,end,3
1779,start,9,end,6
1780,start,21,end,5
1781,start,18,end,26
1782,start,9,end,18
1783,start,8,end,28
1784,start,1,end,21
1785,start,12,end,29
1786,start,15,end,16
1787,start,12,end,26
1788,start,25,end,1
1789,start,9,end,26
1790,start,5,end,10
1791,start,11,end,12
1792,start,5,end,6
1793,start,12,end,25
1794,start,4,end,17
1795,start,2,end,28
1796,start,5,end,12
1797,start,27,end,12
1798,start,12,end,10
1799,start,20,end,28
1800,start,9,end,5
1801,start,3,end,19
1802,start,20,end,4
1803,start,11,end,19
1804,start,5,end,27
1805,start,26,end,23
1806,start,1,end,27
1807,start,9,end,21
1808,start,20,end,12
1809,start,20,end,3
1810,start,27,end,16
1811,start,8,end,5
1812,start,25,end,28
1813,start,26,end,19
1814,start,1,end,15
1815,start,15,end,1
1816,start,4,end,20
1817,start,25,end,3
1818,start,4,end,10
1819,start,10,end,19
1820,start,22,end,16
1821,start,21,end,20
1822,start,1,end,12
1823,start,9,end,18
1824,start,4,end,19
1825,start,18,end,4
1826,start,20,end,21
1827,start,6,end,16
1828,start,19,end,6
1829,start,3,end,15
1830,start,28,end,3
1831,start,17,end,9
1832,start,22,end,19
1833,start,8,end,10
1834,start,28,end,10
1835,start,20,end,22
1836,start,28,end,18
1837,start,5,end,29
1838,start,20,end,11
1839,start,12,end,17
1840,start,16,end,11
1841,start,28,end,2
1842,start,4,end,28
1843,start,19,end,3
1844,start,11,end,18
1845,start,28,end,21
1846,start,19,end,11
1847,start,1,end,17
1848,start,29,end,15
1849,start,3,end,10
1850,start,12,end,8
1851,start,12,end,21
1852,start,17,end,22
1853,start,22,end,2
1854,start,15,end,8
1855,start,3,end,19
1856,start,27,end,26
1857,start,6,end,16
1858,start,7,end,28
1859,start,23,end,29
1860,start,10,end,5
1861,start,8,end,22
1862,start,28,end,7
1863,start,28,end,24
1864,start,4,end,20
1865,start,24,end,11
1866,start,1,end,2
1867,start,8,end,19
1868,start,28,end,7
1869,start,21,end,27
1870,start,28,end,1
1871,start,3,end,10
1872,start,27,end,29
1873,start,1,end,26
1874,start,23,end,25
1875,start,3,end,12
1876,start,12,end,20
1877,start,12,end,8
1878,start,22,end,28
1879,start,6,end,15
1880,start,5,end,11
1881,start,27,end,15
1882,start,3,end,8
1883,start,8,end,16
1884,start,11,end,10
1885,start,15,end,25
1886,start,21,end,9
1887,start,4,end,2
1888,start,8,end,20
1889,start,16,end,4
1890,start,29,end,16
1891,start,9,end,10
1892,start,12,end,19
1893,start,21,end,10
1894,start,18,end,1
1895,start,16,end,8
1896,start,10,end,4
1897,start,24,end,27
1898,start,23,end,1
1899,start,24,end,28
1900,start,17,end,29
1901,start,24,end,29
1902,start,22,end,25
1903,start,5,end,4
1904,start,20,end,10
1905,start,1,end,9
1906,start,9,end,25
1907,start,27,end,28
1908,start,2,end,12
1909,start,20,end,23
1910,start,17,end,8
1911,start,7,end,28
1912,start,15,end,21
1913,start,20,end,29
1914,start,27,end,10
1915,start,10,end,4
1916,start,27,end,17
1917,start,1,end,19
1918,start,28,end,26
1919,start,28,end,2
1920,start,7,end,22
1921,start,25,end,22
1922,start,19,end,10
1923,start,18,end,22
1924,start,19,end,28
1925,start,10,end,25
1926,start,22,end,1
1927,start,3,end,20
1928,start,23,end,26
1929,start,17,end,9
1930,start,23,end,3
1931,start,29,end,24
1932,start,4,end,2
1933,start,17,end,3
1934,start,4,end,22
1935,start,19,end,1
1936,start,7,end,2
1937,start,27,end,7
1938,start,19,end,22
1939,start,28,end,17
1940,start,20,end,25
1941,start,12,end,7
1942,start,19,end,26
1943,start,25,end,21
1944,start,19,end,27
1945,start,12,end,23
1946,start,9,end,23
1947,start,6,end,11
1948,start,2,end,29
1949,start,6,end,28
1950,start,6,end,24
1951,start,25,end,5
1952,start,20,end,8
1953,start,2,end,18
1954,start,25,end,16
1955,start,28,end,25
1956,start,27,end,1
1957,start,7,end,3
1958,start,3,end,28
1959,start,3,end,7
1960,start,9,end,11
1961,start,22,end,11
1962,start,19,end,6
1963,start,2,end,28
1964,start,16,end,18
1965,start,1,end,29
1966,start,20,end,28
1967,start,18,end,28
1968,start,17,end,22
1969,start,1,end,16
1970,start,27,end,25
1971,start,6,end,4
1972,start,3,end,28
1973,start,26,end,10
1974,start,9,end,24
1975,start,18,end,27
1976,start,26,end,17
1977,start,4,end,7
1978,start,25,end,9
1979,start,24,end,11
1980,start,16,end,17
1981,start,23,end,1
1982,start,4,end,18
1983,start,12,end,15
1984,start,5,end,16
1985,start,19,end,15
1986,start,9,end,18
1987,start,7,end,23
1988,start,11,end,24
1989,start,15,end,2
1990,start,17,end,23
1991,start,9,end,20
1992,start,12,end,23
1993,start,10,end,6
1994,start,20,end,23
1995,start,8,end,9
1996,start,29,end,6
1997,start,22,end,5
1998,start,28,end,8
1999,start,7,end,12
2000,start,28,end,24
2001,start,1,end,20
2002,start,9,end,17
2003,start,24,end,19
2004,start,3,end,5
2005,start,18,end,15
2006,start,12,end,20
2007,start,28,end,29
2008,start,19,end,2
2009,start,25,end,1
2010,start,28,end,12
2011,start,9,end,5
2012,start,28,end,3
2013,start,4,end,7
2014,start,20,end,2
2015,start,18,end,26
2016,start,7,end,19
2017,start,19,end,11
2018,start,17,end,18
2019,start,10,end,19
2020,start,21,end,29
2021,start,23,end,18
2022,start,11,end,2
2023,start,17,end,7
2024,start,24,end,17
2025,start,8,end,18
2026,start,3,end,26
2027,start,9,end,29
2028,start,20,end,23
2029,start,17,end,23
2030,start,5,end,29
2031,start,19,end,24
2032,start,1,end,28
2033,start,23,end,28
2034,start,9,end,27
2035,start,19,end,9
2036,start,23,end,27
2037,start,21,end,17
2038,start,12,end,23
2039,start,6,end,12
2040,start,6,end,2
2041,start,5,end,23
2042,start,28,end,7
2043,start,11,end,26
2044,start,21,end,12
2045,start,4,end,5
2046,start,4,end,2
2047,start,25,end,21
2048,start,11,end,28
2049,start,5,end,11
2050,start,29,end,16
2051,start,29,end,4
2052,start,21,end,8
2053,start,29,end,8
2054,start,28,end,11
2055,start,1,end,27
2056,start,10,end,23
2057,start,4,end,11
2058,start,2,end,11
2059,start,16,end,9
2060,start,4,end,18
2061,start,26,end,29
2062,start,28,end,21
2063,start,6,end,9
2064,start,5,end,19
2065,start,17,end,27
2066,start,18,end,2
2067,start,5,end,21
2068,start,1,end,9
2069,start,22,end,10
2070,start,5,end,10
2071,start,23,end,18
2072,start,25,end,23
2073,start,29,end,27
2074,start,19,end,15
2075,start,10,end,5
2076,start,12,end,16
2077,start,17,end,19
2078,start,21,end,2
2079,start,5,end,1
2080,start,24,end,4
2081,start,29,end,27
2082,start,15,end,5
2083,start,21,end,12
2084,start,29,end,8
2085,start,4,end,19
2086,start,22,end,25
2087,start,26,end,20
2088,start,25,end,27
2089,start,25,end,10
2090,start,9,end,3
2091,start,4,end,8
2092,start,22,end,25
2093,start,22,end,12
2094,start,22,end,18
2095,start,9,end,12
2096,start,29,end,8
2097,start,25,end,11
2098,start,8,end,10
2099,start,4,end,26
2100,start,28,end,6
2101,start,4,end,25
2102,start,11,end,4
2103,start,23,end,3
2104,start,18,end,2
2105,start,8,end,25
2106,start,16,end,10
2107,start,19,end,10
2108,start,26,end,2
2109,start,22,end,19
2110,start,11,end,3
2111,start,9,end,5
2112,start,1,end,10
2113,start,17,end,2
2114,start,11,end,12
2115,start,11,end,9
2116,start,28,end,18
2117,start,2,end,3
2118,start,6,end,1
2119,start,23,end,3
2120,start,25,end,17
2121,start,7,end,1
2122,start,6,end,15
2123,start,8,end,4
2124,start,17,end,5
2125,start,28,end,12
2126,start,9,end,1
2127,start,18,end,22
2128,start,16,end,10
2129,start,21,end,24
2130,start,5,end,19
2131,start,3,end,1
2132,start,7,end,26
2133,start,10,end,7
2134,start,1,end,3
2135,start,15,end,11
2136,start,17,end,12
2137,start,8,end,16
2138,start,18,end,3
2139,start,16,end,12
2140,start,8,end,26
2141,start,16,end,27
2142,start,9,end,5
2143,start,8,end,16
2144,start,16,end,11
2145,start,26,end,23
2146,start,8,end,9
2147,start,29,end,7
2148,start,20,end,21
2149,start,17,end,11
2150,start,24,end,19
2151,start,2,end,21
2152,start,4,end,18
2153,start,26,end,15
2154,start,23,end,18
2155,start,19,end,5
2156,start,23,end,12
2157,start,12,end,10
2158,start,9,end,19
2159,start,29,end,18
2160,start,16,end,2
2161,start,6,end,16
2162,start,26,end,28
2163,start,28,end,8
2164,start,3,end,24
2165,start,6,end,11
2166,start,25,end,2
2167,start,24,end,15
2168,start,7,end,4
2169,start,3,end,7
2170,start,19,end,16
2171,start,5,end,19
2172,start,22,end,8
2173,start,17,end,10
2174,start,8,end,4
2175,start,18,end,11
2176,start,26,end,25
2177,start,17,end,12
2178,start,18,end,28
2179,start,22,end,25
2180,start,17,end,9
2181,start,25,end,8
2182,start,20,end,5
2183,start,17,end,25
2184,start,28,end,26
2185,start,1,end,27
2186,start,12,end,1
2187,start,20,end,24
2188,start,8,end,28
2189,start,27,end,11
2190,start,15,end,19
2191,start,21,end,23
2192,start,4,end,12
2193,start,21,end,25
2194,start,9,end,18
2195,start,23,end,15
2196,start,20,end,27
2197,start,21,end,25
2198,start,23,end,22
2199,start,8,end,3
2200,start,26,end,19
2201,start,19,end,21
2202,start,7,end,9
2203,start,16,end,22
2204,start,21,end,23
2205,start,9,end,17
2206,start,28,end,18
2207,start,8,end,3
2208,start,3,end,12
2209,start,16,end,21
2210,start,28,end,2
2211,start,22,end,6
2212,start,12,end,9
2213,start,24,end,3
2214,start,17,end,2
2215,start,9,end,4
2216,start,1,end,10
2217,start,22,end,4
2218,start,29,end,20
2219,start,6,end,16
2220,start,28,end,27
2221,start,20,end,25
2222,start,20,end,27
2223,start,21,end,3
2224,start,8,end,18
2225,start,25,end,20
2226,start,2,end,22
2227,start,18,end,7
2228,start,7,end,15
2229,start,11,end,26
2230,start,16,end,21
2231,start,3,end,28
2232,start,7,end,4
2233,start,28,end,19
2234,start,6,end,22
2235,start,16,end,10
2236,start,16,end,18
2237,start,16,end,2
2238,start,22,end,21
2239,start,10,end,22
2240,start,5,end,6
2241,start,4,end,26
2242,start,3,end,12
2243,start,1,end,18
2244,start,28,end,1
2245,start,3,end,27
2246,start,4,end,8
2247,start,21,end,4
2248,start,11,end,15
2249,start,24,end,12
2250,start,12,end,8
2251,start,24,end,5
2252,start,24,end,16
2253,start,9,end,8
2254,start,26,end,25
2255,start,19,end,6
2256,start,5,end,22
2257,start,15,end,4
2258,start,21,end,27
2259,start,25,end,22
2260,start,28,end,22
2261,start,16,end,9
2262,start,7,end,22
2263,start,26,end,22
2264,start,27,end,7
2265,start,9,end,21
2266,start,19,end,17
2267,start,16,end,7
2268,start,9,end,25
2269,start,4,end,12
2270,start,10,end,11
2271,start,29,end,23
2272,start,4,end,7
2273,start,17,end,6
2274,start,20,end,17
2275,start,12,end,28
2276,start,25,end,28
2277,start,9,end,23
2278,start,15,end,25
2279,start,27,end,10
2280,start,4,end,3
2281,start,25,end,3
2282,start,15,end,6
2283,start,23,end,19
2284,start,21,end,11
2285,start,27,end,11
2286,start,4,end,12
2287,start,8,end,18
2288,start,17,end,20
2289,start,21,end,8
2290,start,25,end,7
2291,start,25,end,4
2292,start,9,end,15
2293,start,20,end,11
2294,start,15,end,16
2295,start,15,end,12
2296,start,28,end,19
2297,start,12,end,19
2298,start,20,end,10
2299,start,9,end,15
2300,start,28,end,10
2301,start,1,end,23
2302,start,5,end,7
2303,start,21,end,4
2304,start,29,end,11
2305,start,5,end,25
2306,start,24,end,11
2307,start,3,end,20
2308,start,10,end,20
2309,start,2,end,28
2310,start,1,end,7
2311,start,20,end,9
2312,start,10,end,3
2313,start,19,end,28
2314,start,21,end,19
2315,start,4,end,26
2316,start,8,end,3
2317,start,24,end,22
2318,start,10,end,29
2319,start,20,end,15
2320,start,1,end,11
2321,start,24,end,10
2322,start,7,end,24
2323,start,3,end,1
2324,start,3,end,19
2325,start,18,end,16
2326,start,28,end,3
2327,start,7,end,26
2328,start,6,end,25
2329,start,3,end,29
2330,start,22,end,19
2331,start,2,end,27
2332,start,25,end,22
2333,start,12,end,29
2334,start,23,end,21
2335,start,8,end,27
2336,start,27,end,25
2337,start,7,end,28
2338,start,26,end,8
2339,start,26,end,12
2340,start,6,end,2
2341,start,23,end,24
2342,start,24,end,12
2343,start,11,end,20
2344,start,2,end,12
2345,start,29,end,8
2346,start,22,end,6
2347,start,17,end,29
2348,start,16,end,2
2349,start,1,end,20
2350,start,18,end,1
2351,start,3,end,5
2352,start,12,end,9
2353,start,18,end,8
2354,start,11,end,1
2355,start,4,end,22
2356,start,3,end,12
2357,start,4,end,9
2358,start,11,end,9
2359,start,4,end,29
2360,start,24,end,29
2361,start,27,end,23
2362,start,22,end,1
2363,start,20,end,25
2364,start,22,end,2
2365,start,15,end,2
2366,start,12,end,19
2367,start,15,end,7
2368,start,22,end,27
2369,start,19,end,27
2370,start,12,end,19
2371,start,27,end,16
2372,start,11,end,20
2373,start,22,end,18
2374,start,5,end,16
2375,start,24,end,10
2376,start,12,end,7
2377,start,23,end,4
2378,start,20,end,17
2379,start,27,end,21
2380,start,18,end,10
2381,start,29,end,19
2382,start,3,end,25
2383,start,22,end,4
2384,start,10,end,16
2385,start,8,end,12
2386,start,21,end,24
2387,start,23,end,20
2388,start,23,end,8
2389,start,17,end,4
2390,start,21,end,1
2391,start,18,end,27
2392,start,10,end,4
2393,start,8,end,16
2394,start,1,end,18
2395,start,21,end,6
2396,start,17,end,27
2397,start,29,end,1
2398,start,2,end,27
2399,start,8,end,12
2400,start,25,end,19
2401,start,8,end,26
2402,start,5,end,1
2403,start,12,end,2
2404,start,3,end,10
2405,start,9,end,20
2406,start,5,end,8
2407,start,12,end,17
2408,start,16,end,19
2409,start,7,end,12
2410,start,19,end,6
2411,start,24,end,27
2412,start,5,end,6
2413,start,24,end,10
2414,start,11,end,21
2415,start,24,end,18
2416,start,2,end,8
2417,start,7,end,1
2418,start,7,end,25
2419,start,5,end,1
2420,start,18,end,15
2421,start,4,end,28
2422,start,18,end,21
2423,start,23,end,12
2424,start,23,end,20
2425,start,25,end,4
2426,start,24,end,10
2427,start,8,end,18
2428,start,28,end,18
2429,start,25,end,15
2430,start,9,end,24
2431,start,9,end,3
2432,start,12,end,8
2433,start,17,end,25
2434,start,9,end,18
2435,start,7,end,4
2436,start,17,end,12
2437,start,19,end,26
2438,start,10,end,6
2439,start,12,end,19
2440,start,17,end,20
2441,start,10,end,28
2442,start,6,end,5
2443,start,26,end,25
2444,start,23,end,8
2445,start,7,end,25
2446,start,19,end,3
2447,start,10,end,17
2448,start,22,end,16
2449,start,21,end,1
2450,start,2,end,26
2451,start,7,end,28
2452,start,18,end,6
2453,start,6,end,17
2454,start,23,end,15
2455,start,8,end,4
2456,start,24,end,3
2457,start,15,end,29
2458,start,8,end,11
2459,start,22,end,9
2460,start,15,end,23
2461,start,8,end,22
2462,start,15,end,4
2463,start,10,end,11
2464,start,21,end,4
2465,start,10,end,11
2466,start,9,end,28
2467,start,4,end,2
2468,start,19,end,16
2469,start,20,end,15
2470,start,1,end,23
2471,start,16,end,12
2472,start,15,end,28
2473,start,5,end,9
2474,start,25,end,5
2475,start,27,end,15
2476,start,10,end,20
2477,start,29,end,3
2478,start,16,end,10
2479,start,5,end,29
2480,start,22,end,15
2481,start,15,end,12
2482,start,25,end,7
2483,start,26,end,21
2484,start,23,end,1
2485,start,27,end,20
2486,start,20,end,9
2487,start,28,end,27
2488,start,29,end,24
2489,start,7,end,3
2490,start,21,end,11
2491,start,2,end,22
2492,start,3,end,25
2493,start,19,end,3
2494,start,9,end,23
2495,start,27,end,2
2496,start,18,end,22
2497,start,3,end,6
2498,start,12,end,2
2499,start,12,end,16
2500,start,15,end,25
2501,start,23,end,12
2502,start,7,end,3
2503,start,21,end,19
2504,start,22,end,7
2505,start,19,end,29
2506,start,26,end,24
2507,start,27,end,29
2508,start,21,end,9
2509,start,5,end,25
2510,start,6,end,1
2511,start,23,end,18
2512,start,22,end,24
2513,start,24,end,20
2514,start,19,end,3
2515,start,12,end,1
2516,start,11,end,28
2517,start,4,end,26
2518,start,24,end,26
2519,start,21,end,4
2520,start,5,end,1
2521,start,11,end,3
2522,start,1,end,27
2523,start,4,end,19
2524,start,3,end,19
2525,start,3,end,26
2526,start,21,end,24
2527,start,2,end,1
2528,start,23,end,1
2529,start,5,end,18
2530,start,10,end,18
2531,start,23,end,8
2532,start,8,end,6
2533,start,19,end,5
2534,start,10,end,26
2535,start,1,end,4
2536,start,25,end,22
2537,start,12,end,17
2538,start,8,end,22
2539,start,23,end,7
2540,start,9,end,12
2541,start,3,end,24
2542,start,1,end,29
2543,start,22,end,3
2544,start,12,end,16
2545,start,20,end,18
2546,start,25,end,23
2547,start,17,end,1
2548,start,6,end,28
2549,start,24,end,12
2550,start,1,end,9
2551,start,6,end,22
2552,start,9,end,16
2553,start,26,end,2
2554,start,5,end,26
2555,start,11,end,27
2556,start,1,end,24
2557,start,29,end,27
2558,start,20,end,27
2559,start,19,end,23
2560,start,3,end,19
2561,start,24,end,21
2562,start,6,end,16
2563,start,18,end,19
2564,start,25,end,21
2565,start,3,end,20
2566,start,8,end,25
2567,start,3,end,28
2568,start,8,end,21
2569,start,19,end,11
2570,start,18,end,7
2571,start,19,end,12
2572,start,11,end,27
2573,start,9,end,23
2574,start,3,end,2
2575,start,4,end,3
2576,start,11,end,18
2577,start,19,end,18
2578,start,15,end,28
2579,start,22,end,21
2580,start,11,end,7
2581,start,19,end,23
2582,start,9,end,19
2583,start,23,end,24
2584,start,18,end,23
2585,start,9,end,17
2586,start,11,end,20
2587,start,16,end,4
2588,start,19,end,5
2589,start,16,end,21
2590,start,21,end,5
2591,start,24,end,6
2592,start,22,end,20
2593,start,21,end,1
2594,start,21,end,6
2595,start,20,end,23
2596,start,9,end,8
2597,start,16,end,26
2598,start,10,end,17
2599,start,10,end,20
2600,start,11,end,9
2601,start,20,end,25
2602,start,19,end,29
2603,start,6,end,8
2604,start,8,end,3
2605,start,8,end,3
2606,start,6,end,4
2607,start,22,end,20
2608,start,16,end,3
2609,start,2,end,18
2610,start,19,end,23
2611,start,18,end,8
2612,start,21,end,15
2613,start,19,end,10
2614,start,11,end,15
2615,start,17,end,16
2616,start,26,end,23
2617,start,10,end,12
2618,start,7,end,9
2619,start,15,end,2
2620,start,10,end,22
2621,start,2,end,9
2622,start,6,end,10
2623,start,3,end,26
2624,start,19,end,8
2625,start,1,end,9
2626,start,7,end,5
2627,start,19,end,24
2628,start,17,end,3
2629,start,19,end,25
2630,start,28,end,9
2631,start,4,end,1
2632,start,16,end,5
2633,start,20,end,22
2634,start,27,end,24
2635,start,22,end,9
2636,start,20,end,15
2637,start,19,end,2
2638,start,27,end,15
2639,start,29,end,11
2640,start,10,end,17
2641,start,3,end,4
2642,start,5,end,26
2643,start,27,end,23
2644,start,27,end,19
2645,start,24,end,28
2646,start,21,end,17
2647,start,2,end,24
2648,start,4,end,10
2649,start,12,end,7
2650,start,18,end,29
2651,start,5,end,28
2652,start,26,end,21
2653,start,18,end,15
2654,start,19,end,23
2655,start,25,end,28
2656,start,25,end,12
2657,start,25,end,19
2658,start,28,end,19
2659,start,11,end,22
2660,start,19,end,10
2661,start,17,end,8
2662,start,24,end,29
2663,start,19,end,3
2664,start,18,end,19
2665,start,8,end,23
2666,start,4,end,22
2667,start,23,end,25
2668,start,6,end,25
2669,start,2,end,12
2670,start,26,end,4
2671,start,28,end,20
2672,start,26,end,9
2673,start,27,end,26
2674,start,6,end,29
2675,start,28,end,8
2676,start,24,end,27
2677,start,2,end,6
2678,start,12,end,23
2679,start,9,end,18
2680,start,22,end,17
2681,start,3,end,17
2682,start,5,end,8
2683,start,25,end,11
2684,start,7,end,3
2685,start,5,end,25
2686,start,2,end,25
2687,start,4,end,10
2688,start,4,end,6
2689,start,8,end,17
2690,start,4,end,3
2691,start,11,end,5
2692,start,7,end,15
2693,start,8,end,28
2694,start,18,end,11
2695,start,27,end,8
2696,start,19,end,23
2697,start,7,end,29
2698,start,24,end,29
2699,start,5,end,12
2700,start,19,end,5
2701,start,26,end,16
2702,start,6,end,29
2703,start,1,end,28
2704,start,7,end,2
2705,start,22,end,2
2706,start,23,end,4
2707,start,8,end,29
2708,start,21,end,1
2709,start,19,end,8
2710,start,21,end,28
2711,start,11,end,10
2712,start,25,end,18
2713,start,10,end,24
2714,start,21,end,4
2715,start,17,end,2
2716,start,5,end,16
2717,start,9,end,16
2718,start,27,end,5
2719,start,6,end,27
2720,start,25,end,4
2721,start,9,end,4
2722,start,18,end,20
2723,start,17,end,18
2724,start,5,end,6
2725,start,12,end,25
2726,start,16,end,12
2727,start,22,end,6
2728,start,17,end,20
2729,start,7,end,6
2730,start,22,end,5
2731,start,4,end,21
2732,start,17,end,28
2733,start,9,end,27
2734,start,4,end,8
2735,start,11,end,1
2736,start,29,end,4
2737,start,20,end,26
2738,start,24,end,25
2739,start,29,end,20
2740,start,9,end,28
2741,start,9,end,7
2742,start,9,end,28
2743,start,2,end,28
2744,start,10,end,28
2745,start,19,end,11
2746,start,9,end,28
2747,start,8,end,17
2748,start,9,end,16
2749,start,24,end,10
2750,start,6,end,20
2751,start,25,end,3
2752,start,6,end,18
2753,start,10,end,27
2754,start,21,end,29
2755,start,20,end,12
2756,start,2,end,19
2757,start,25,end,4
2758,start,10,end,17
2759,start,12,end,26
2760,start,10,end,21
2761,start,6,end,5
2762,start,8,end,20
2763,start,7,end,4
2764,start,1,end,3
2765,start,2,end,1
2766,start,16,end,29
2767,start,20,end,26
2768,start,8,end,7
2769,start,19,end,20
2770,start,4,end,19
2771,start,17,end,10
2772,start,6,end,28
2773,start,2,end,19
2774,start,25,end,20
2775,start,7,end,11
2776,start,9,end,29
2777,start,16,end,28
2778,start,12,end,9
2779,start,25,end,26
2780,start,28,end,23
2781,start,8,end,24
2782,start,9,end,17
2783,start,15,end,3
2784,start,17,end,11
2785,start,22,end,18
2786,start,4,end,15
2787,start,27,end,6
2788,start,25,end,16
2789,start,24,end,10
2790,start,9,end,1
2791,start,25,end,18
2792,start,2,end,27
2793,start,22,end,3
2794,start,16,end,9
2795,start,2,end,23
2796,start,1,end,9
2797,start,25,end,28
2798,start,11,end,20
2799,start,11,end,5
2800,start,8,end,11
2801,start,6,end,20
2802,start,22,end,4
2803,start,3,end,27
2804,start,25,end,16
2805,start,28,end,19
2806,start,2,end,12
2807,start,16,end,8
2808,start,6,end,3
2809,start,5,end,28
2810,start,9,end,24
2811,start,10,end,15
2812,start,2,end,17
2813,start,28,end,7
2814,start,12,end,17
2815,start,9,end,11
2816,start,4,end,5
2817,start,6,end,2
2818,start,2,end,22
2819,start,24,end,4
2820,start,9,end,17
2821,start,25,end,10
2822,start,10,end,8
2823,start,15,end,27
2824,start,6,end,17
2825,start,7,end,25
2826,start,27,end,5
2827,start,1,end,10
2828,start,28,end,7
2829,start,29,end,28
2830,start,8,end,18
2831,start,9,end,18
2832,start,3,end,26
2833,start,26,end,6
2834,start,17,end,22
2835,start,12,end,8
2836,start,8,end,18
2837,start,19,end,6
2838,start,26,end,10
2839,start,25,end,24
2840,start,29,end,16
2841,start,1,end,16
2842,start,17,end,1
2843,start,27,end,12
2844,start,4,end,27
2845,start,27,end,8
2846,start,6,end,3
2847,start,9,end,2
2848,start,9,end,21
2849,start,20,end,17
2850,start,5,end,24
2851,start,26,end,2
2852,start,29,end,11
2853,start,20,end,27
2854,start,5,end,19
2855,start,17,end,22
2856,start,9,end,22
2857,start,18,end,15
2858,start,9,end,29
2859,start,17,end,15
2860,start,27,end,28
2861,start,7,end,27
2862,start,23,end,1
2863,start,21,end,10
2864,start,24,end,18
2865,start,1,end,24
2866,start,18,end,24
2867,start,29,end,6
2868,start,15,end,17
2869,start,1,end,24
2870,start,29,end,5
2871,start,19,end,6
2872,start,21,end,26
2873,start,8,end,21
2874,start,12,end,10
2875,start,8,end,11
2876,start,16,end,8
2877,start,9,end,19
2878,start,2,end,5
2879,start,4,end,9
2880,start,2,end,19
2881,start,29,end,20
2882,start,11,end,25
2883,start,16,end,7
2884,start,28,end,21
2885,start,4,end,3
2886,start,23,end,27
2887,start,27,end,1
2888,start,3,end,2
2889,start,22,end,29
2890,start,26,end,24
2891,start,12,end,26
2892,start,5,end,25
2893,start,11,end,23
2894,start,5,end,20
2895,start,24,end,8
2896,start,18,end,29
2897,start,10,end,11
2898,start,11,end,22
2899,start,11,end,21
2900,start,8,end,18
2901,start,18,end,16
2902,start,21,end,27
2903,start,29,end,7
2904,start,24,end,17
2905,start,24,end,22
2906,start,23,end,10
2907,start,9,end,26
2908,start,28,end,17
2909,start,15,end,10
2910,start,18,end,21
2911,start,26,end,18
2912,start,6,end,16
2913,start,16,end,3
2914,start,23,end,21
2915,start,1,end,21
2916,start,3,end,6
2917,start,16,end,26
2918,start,8,end,28
2919,start,18,end,10
2920,start,8,end,2
2921,start,9,end,25
2922,start,23,end,26
2923,start,20,end,16
2924,start,25,end,29
2925,start,12,end,29
2926,start,6,end,4
2927,start,20,end,16
2928,start,19,end,7
2929,start,27,end,11
2930,start,27,end,24
2931,start,25,end,6
2932,start,12,end,10
2933,start,17,end,1
2934,start,10,end,23
2935,start,4,end,21
2936,start,27,end,9
2937,start,6,end,18
2938,start,6,end,15
2939,start,5,end,29
2940,start,27,end,15
2941,start,19,end,22
2942,start,3,end,25
2943,start,1,end,4
2944,start,25,end,20
2945,start,28,end,2
2946,start,21,end,17
2947,start,24,end,9
2948,start,5,end,25
2949,start,19,end,17
2950,start,25,end,27
2951,start,5,end,27
2952,start,3,end,29
2953,start,11,end,18
2954,start,18,end,1
2955,start,3,end,15
2956,start,8,end,20
2957,start,1,end,28
2958,start,10,end,7
2959,start,24,end,17
2960,start,4,end,6
2961,start,16,end,5
2962,start,29,end,19
2963,start,1,end,15
2964,start,22,end,27
2965,start,18,end,21
2966,start,8,end,28
2967,start,2,end,23
2968,start,15,end,27
2969,start,1,end,28
2970,start,1,end,29
2971,start,4,end,5
2972,start,18,end,20
2973,start,3,end,4
2974,start,20,end,4
2975,start,1,end,11
2976,start,23,end,15
2977,start,2,end,9
2978,start,10,end,3
2979,start,15,end,28
2980,start,6,end,12
2981,start,8,end,25
2982,start,11,end,10
2983,start,3,end,5
2984,start,29,end,19
2985,start,6,end,7
2986,start,19,end,21
2987,start,22,end,21
2988,start,11,end,2
2989,start,7,end,17
2990,start,20,end,1
2991,start,10,end,25
2992,start,20,end,6
2993,start,29,end,10
2994,start,29,end,8
2995,start,28,end,11
2996,start,25,end,7
2997,start,7,end,2
2998,start,21,end,22
2999,start,23,end,9
